column,spearman_correlation_with_target,abs_spearman_correlation_with_target
EXT_SOURCE_3,-0.16120888894621216,0.16120888894621216
EXT_SOURCE_2,-0.15078827776131976,0.15078827776131976
EXT_SOURCE_1,-0.14858244788508201,0.14858244788508201
CC_CNT_DRAWINGS_ATM_CURRENT_MEAN,0.12815025263557955,0.12815025263557955
CC_CNT_DRAWINGS_ATM_CURRENT_VAR,0.11691949550144386,0.11691949550144386
CC_CNT_DRAWINGS_CURRENT_VAR,0.11664862416327049,0.11664862416327049
CC_CNT_DRAWINGS_CURRENT_MEAN,0.11640992294597065,0.11640992294597065
CC_AMT_BALANCE_MIN,0.11387281587126641,0.11387281587126641
CC_AMT_RECEIVABLE_PRINCIPAL_MIN,0.10679784845315703,0.10679784845315703
CC_CNT_DRAWINGS_CURRENT_MAX,0.10621439805147065,0.10621439805147065
CC_AMT_DRAWINGS_CURRENT_MEAN,0.10101097804668173,0.10101097804668173
CC_AMT_BALANCE_MEAN,0.1004261937485244,0.1004261937485244
CC_AMT_RECEIVABLE_PRINCIPAL_MEAN,0.09953913666357808,0.09953913666357808
CC_AMT_DRAWINGS_ATM_CURRENT_MEAN,0.09907619677632758,0.09907619677632758
CC_AMT_RECIVABLE_MEAN,0.09903679277478555,0.09903679277478555
CC_AMT_TOTAL_RECEIVABLE_MEAN,0.09903641300942617,0.09903641300942617
BURO_DAYS_CREDIT_MEAN,0.09853010333025973,0.09853010333025973
CC_AMT_DRAWINGS_CURRENT_VAR,0.09292609891898462,0.09292609891898462
CC_AMT_TOTAL_RECEIVABLE_MIN,0.09253116098703644,0.09253116098703644
CC_AMT_RECIVABLE_MIN,0.09253116098703644,0.09253116098703644
BURO_BB_MONTHS_BALANCE_MIN_MEAN,0.09244154092825738,0.09244154092825738
CC_CNT_DRAWINGS_CURRENT_SUM,0.08917738227654635,0.08917738227654635
BURO_BB_MONTHS_BALANCE_SIZE_MEAN,-0.08698265043811128,0.08698265043811128
BURO_DAYS_CREDIT_UPDATE_MEAN,0.08612038109830047,0.08612038109830047
CC_AMT_INST_MIN_REGULARITY_MEAN,0.084011618767771,0.084011618767771
DAYS_EMPLOYED,0.0816244699948559,0.0816244699948559
BURO_CREDIT_ACTIVE_CLOSED_MEAN,-0.08113899166563265,0.08113899166563265
CC_CNT_DRAWINGS_ATM_CURRENT_SUM,0.08058129719833373,0.08058129719833373
BURO_CREDIT_ACTIVE_ACTIVE_MEAN,0.07996412119707598,0.07996412119707598
CC_AMT_BALANCE_MAX,0.07906063117449574,0.07906063117449574
DAYS_BIRTH,0.07837787222013788,0.07837787222013788
CC_AMT_DRAWINGS_ATM_CURRENT_VAR,0.07758217155804639,0.07758217155804639
CC_AMT_RECIVABLE_MAX,0.07750317688942066,0.07750317688942066
CC_AMT_RECEIVABLE_PRINCIPAL_MAX,0.07749000318119319,0.07749000318119319
CC_AMT_TOTAL_RECEIVABLE_MAX,0.07748718438795082,0.07748718438795082
BURO_DAYS_CREDIT_MIN,0.07748090795796873,0.07748090795796873
CC_CNT_DRAWINGS_POS_CURRENT_SUM,0.07719505353784685,0.07719505353784685
CC_AMT_INST_MIN_REGULARITY_VAR,0.075058818320041,0.075058818320041
CC_AMT_INST_MIN_REGULARITY_MAX,0.07417818606035673,0.07417818606035673
CC_CNT_DRAWINGS_ATM_CURRENT_MAX,0.07364615903591731,0.07364615903591731
CC_CNT_DRAWINGS_POS_CURRENT_VAR,0.07192851327047507,0.07192851327047507
CC_MONTHS_BALANCE_MEAN,0.0708541413647252,0.0708541413647252
DAYS_EMPLOYED_PERC,-0.07078021713710769,0.07078021713710769
CC_AMT_BALANCE_VAR,0.07006085351740926,0.07006085351740926
CC_AMT_RECIVABLE_VAR,0.069271167152673,0.069271167152673
CC_AMT_TOTAL_RECEIVABLE_VAR,0.06926943514336147,0.06926943514336147
BURO_DAYS_CREDIT_ENDDATE_MEAN,0.0692552613841425,0.0692552613841425
CC_MONTHS_BALANCE_MIN,0.06924564853290867,0.06924564853290867
BURO_DAYS_CREDIT_ENDDATE_MIN,0.06908901860717256,0.06908901860717256
CC_AMT_RECEIVABLE_PRINCIPAL_VAR,0.06875983939808264,0.06875983939808264
REFUSED_APP_CREDIT_PERC_MEAN,-0.06871452787820653,0.06871452787820653
CC_MONTHS_BALANCE_SUM,0.0685816671017241,0.0685816671017241
BURO_DAYS_CREDIT_MAX,0.06851625578233993,0.06851625578233993
CC_MONTHS_BALANCE_VAR,-0.0681615664957848,0.0681615664957848
CC_AMT_DRAWINGS_ATM_CURRENT_SUM,0.06804138152133046,0.06804138152133046
CC_CNT_DRAWINGS_POS_CURRENT_MEAN,0.06803097503917817,0.06803097503917817
CC_COUNT,-0.06716922959038113,0.06716922959038113
CC_CNT_DRAWINGS_POS_CURRENT_MAX,0.06646017500471171,0.06646017500471171
CC_AMT_DRAWINGS_CURRENT_MAX,0.06595265449734948,0.06595265449734948
PREV_CODE_REJECT_REASON_SCOFR_MEAN,0.06535145490266946,0.06535145490266946
CODE_GENDER_M,0.06478513403012458,0.06478513403012458
CODE_GENDER_F,-0.06478513403012458,0.06478513403012458
PREV_NAME_CONTRACT_STATUS_REFUSED_MEAN,0.05862209504264226,0.05862209504264226
REFUSED_APPLICATION_COUNT,0.05824627975074848,0.05824627975074848
CC_AMT_PAYMENT_TOTAL_CURRENT_MEAN,0.058210991389414615,0.058210991389414615
PREV_CODE_REJECT_REASON_XAP_MEAN,-0.05811076622773523,0.05811076622773523
NAME_INCOME_TYPE_Working,0.05809195171203015,0.05809195171203015
CC_AMT_DRAWINGS_CURRENT_SUM,0.05798316369182835,0.05798316369182835
NAME_EDUCATION_TYPE_Higher education,-0.057915649644698516,0.057915649644698516
PREV_DAYS_DECISION_MIN,0.05764901849000573,0.05764901849000573
CC_AMT_DRAWINGS_POS_CURRENT_SUM,0.05738841599606343,0.05738841599606343
REFUSED_DAYS_DECISION_MEAN,0.057066918161269124,0.057066918161269124
PREV_DAYS_DECISION_MEAN,0.05688197303917264,0.05688197303917264
INSTAL_PAYMENT_PERC_MEAN,-0.05670443826384572,0.05670443826384572
PREV_APP_CREDIT_PERC_MAX,-0.056426620681156885,0.056426620681156885
PREV_APP_CREDIT_PERC_MEAN,-0.056385782380542704,0.056385782380542704
DAYS_LAST_PHONE_CHANGE,0.05610545739354101,0.05610545739354101
PREV_NAME_PRODUCT_TYPE_WALK-IN_MEAN,0.055633410873112625,0.055633410873112625
INSTAL_DAYS_ENTRY_PAYMENT_MEAN,0.055611995623577534,0.055611995623577534
INSTAL_DPD_MEAN,0.05556089798468935,0.05556089798468935
REGION_RATING_CLIENT_W_CITY,0.055355216528909,0.055355216528909
BURO_DAYS_CREDIT_VAR,-0.05527260093689698,0.05527260093689698
INSTAL_DAYS_INSTALMENT_MEAN,0.05503191190569553,0.05503191190569553
CC_AMT_PAYMENT_CURRENT_MIN,0.05471509917589943,0.05471509917589943
PREV_NAME_CONTRACT_STATUS_APPROVED_MEAN,-0.05463931230272106,0.05463931230272106
INSTAL_PAYMENT_DIFF_MEAN,0.05461711592006886,0.05461711592006886
BURO_BB_STATUS_1_MEAN_MEAN,0.053578040190277045,0.053578040190277045
REGION_RATING_CLIENT,0.053556537523951994,0.053556537523951994
REG_CITY_NOT_WORK_CITY,0.053506489759707065,0.053506489759707065
PREV_AMT_DOWN_PAYMENT_MAX,-0.05346663713554604,0.05346663713554604
BURO_BB_STATUS_C_MEAN_MEAN,-0.05304407010702221,0.05304407010702221
NAME_EDUCATION_TYPE_Secondary / secondary special,0.052763576255663455,0.052763576255663455
BURO_CREDIT_TYPE_MICROLOAN_MEAN,0.051571058417439815,0.051571058417439815
INSTAL_DAYS_ENTRY_PAYMENT_SUM,0.051352769853874394,0.051352769853874394
CC_AMT_CREDIT_LIMIT_ACTUAL_SUM,-0.05127268511718681,0.05127268511718681
INSTAL_DAYS_INSTALMENT_SUM,0.051081790259586604,0.051081790259586604
PREV_RATE_DOWN_PAYMENT_MAX,-0.05106691901610882,0.05106691901610882
NAME_INCOME_TYPE_Pensioner,-0.05098389151541893,0.05098389151541893
OWN_CAR_AGE,0.05091256900817031,0.05091256900817031
CC_CNT_INSTALMENT_MATURE_CUM_MIN,-0.050753995208412096,0.050753995208412096
FLAG_EMP_PHONE,0.05064279199355349,0.05064279199355349
ORGANIZATION_TYPE_XNA,-0.05061629969284483,0.05061629969284483
BURO_AMT_CREDIT_SUM_DEBT_MEAN,0.05020052940062519,0.05020052940062519
PREV_AMT_DOWN_PAYMENT_MEAN,-0.049979659673314546,0.049979659673314546
INSTAL_PAYMENT_DIFF_SUM,0.048320414053100905,0.048320414053100905
DAYS_ID_PUBLISH,0.04826634050325894,0.04826634050325894
CC_AMT_BALANCE_SUM,0.048059305378476705,0.048059305378476705
APPROVED_DAYS_DECISION_MEAN,0.047902411927267796,0.047902411927267796
OCCUPATION_TYPE_Laborers,0.04772730901339915,0.04772730901339915
INSTAL_AMT_PAYMENT_SUM,-0.047623849126372686,0.047623849126372686
CC_AMT_RECEIVABLE_PRINCIPAL_SUM,0.04741410131926639,0.04741410131926639
CC_AMT_RECIVABLE_SUM,0.04693488452440944,0.04693488452440944
CC_AMT_TOTAL_RECEIVABLE_SUM,0.04692893486708336,0.04692893486708336
APPROVED_APP_CREDIT_PERC_MEAN,-0.04635270157419941,0.04635270157419941
FLAG_DOCUMENT_3,0.046187161163555444,0.046187161163555444
INSTAL_DPD_MAX,0.04605414029068247,0.04605414029068247
PREV_CODE_REJECT_REASON_HC_MEAN,0.045829494648749095,0.045829494648749095
POS_MONTHS_BALANCE_MEAN,0.04574867919505763,0.04574867919505763
FLOORSMAX_MODE,-0.0455381984374179,0.0455381984374179
FLOORSMAX_AVG,-0.04520354357221595,0.04520354357221595
FLOORSMAX_MEDI,-0.044990850797678644,0.044990850797678644
CC_AMT_PAYMENT_TOTAL_CURRENT_VAR,0.044697832768140426,0.044697832768140426
POS_CASH_COUNT,-0.04460233033010686,0.04460233033010686
POS_MONTHS_BALANCE_SIZE,-0.04460233033010686,0.04460233033010686
INSTAL_DPD_SUM,0.04452526722255578,0.04452526722255578
INSTAL_AMT_PAYMENT_MEAN,-0.04401806196132259,0.04401806196132259
INSTAL_AMT_PAYMENT_MIN,-0.043982142653038854,0.043982142653038854
OCCUPATION_TYPE_nan,-0.043875460071770844,0.043875460071770844
BURO_AMT_CREDIT_MAX_OVERDUE_MEAN,0.043775937127850995,0.043775937127850995
EMERGENCYSTATE_MODE_No,-0.04364581421363388,0.04364581421363388
EMERGENCYSTATE_MODE_nan,0.043101164992490774,0.043101164992490774
PREV_NAME_YIELD_GROUP_LOW_NORMAL_MEAN,-0.0428428528774007,0.0428428528774007
PREV_RATE_DOWN_PAYMENT_MEAN,-0.0426617038683642,0.0426617038683642
INSTAL_DBD_SUM,-0.04262967517266765,0.04262967517266765
HOUSETYPE_MODE_block of flats,-0.04222255342542837,0.04222255342542837
INSTAL_AMT_INSTALMENT_SUM,-0.04220699074253796,0.04220699074253796
BURO_DAYS_CREDIT_ENDDATE_MAX,0.04204368583078374,0.04204368583078374
BURO_AMT_CREDIT_SUM_DEBT_SUM,0.041736773586917804,0.041736773586917804
HOUSETYPE_MODE_nan,0.041661724120578635,0.041661724120578635
REFUSED_CNT_PAYMENT_MEAN,0.04155461804227913,0.04155461804227913
DAYS_REGISTRATION,0.04112068708745472,0.04112068708745472
PREV_HOUR_APPR_PROCESS_START_MEAN,-0.04111931164325009,0.04111931164325009
LIVINGAREA_AVG,-0.04106171580416408,0.04106171580416408
PREV_HOUR_APPR_PROCESS_START_MAX,-0.041020036362735705,0.041020036362735705
REG_CITY_NOT_LIVE_CITY,0.04096678181774392,0.04096678181774392
WALLSMATERIAL_MODE_nan,0.04056095752763933,0.04056095752763933
PREV_PRODUCT_COMBINATION_CARD STREET_MEAN,0.040535426107824,0.040535426107824
BURO_BB_STATUS_0_MEAN_MEAN,0.04020087251041729,0.04020087251041729
LIVINGAREA_MEDI,-0.03995392211809167,0.03995392211809167
ELEVATORS_AVG,-0.03976816937845609,0.03976816937845609
CC_CNT_DRAWINGS_CURRENT_MIN,0.03966812056586079,0.03966812056586079
APPROVED_APPLICATION_COUNT,-0.03953378855047452,0.03953378855047452
TOTALAREA_MODE,-0.039430267102337366,0.039430267102337366
CC_AMT_DRAWINGS_CURRENT_MIN,0.03940725024009109,0.03940725024009109
ELEVATORS_MEDI,-0.03933548260580181,0.03933548260580181
APPROVED_AMT_APPLICATION_MAX,-0.03932515756399939,0.03932515756399939
PREV_NAME_CLIENT_TYPE_REFRESHED_MEAN,-0.03928433520373048,0.03928433520373048
PREV_PRODUCT_COMBINATION_CASH X-SELL: LOW_MEAN,-0.03884622277455446,0.03884622277455446
CC_AMT_DRAWINGS_POS_CURRENT_MEAN,0.038621120014215304,0.038621120014215304
PREV_CODE_REJECT_REASON_LIMIT_MEAN,0.038561807117909574,0.038561807117909574
PREV_APP_CREDIT_PERC_MIN,-0.038512552159491585,0.038512552159491585
APARTMENTS_AVG,-0.0382809131955542,0.0382809131955542
PREV_NAME_PAYMENT_TYPE_XNA_MEAN,0.03823070310417036,0.03823070310417036
BURO_AMT_CREDIT_SUM_OVERDUE_MEAN,0.03792580307199328,0.03792580307199328
BURO_AMT_CREDIT_SUM_DEBT_MAX,0.03764556180116534,0.03764556180116534
PREV_PRODUCT_COMBINATION_POS INDUSTRY WITH INTEREST_MEAN,-0.03759385850697076,0.03759385850697076
PREV_NAME_YIELD_GROUP_XNA_MEAN,0.03753690025909127,0.03753690025909127
ELEVATORS_MODE,-0.03734579245748211,0.03734579245748211
LIVINGAREA_MODE,-0.037225834471236285,0.037225834471236285
APARTMENTS_MEDI,-0.03704396929244879,0.03704396929244879
INSTAL_PAYMENT_DIFF_MAX,0.03693762140637392,0.03693762140637392
INSTAL_AMT_INSTALMENT_MEAN,-0.03692343456939163,0.03692343456939163
PREV_NAME_PAYMENT_TYPE_CASH THROUGH THE BANK_MEAN,-0.03681691298637782,0.03681691298637782
PREV_PRODUCT_COMBINATION_CASH X-SELL: HIGH_MEAN,0.03679631145585154,0.03679631145585154
PREV_NAME_CONTRACT_TYPE_REVOLVING LOANS_MEAN,0.03651229666842473,0.03651229666842473
CC_AMT_DRAWINGS_ATM_CURRENT_MAX,0.036392227432570486,0.036392227432570486
OCCUPATION_TYPE_Low-skill Laborers,0.03593756864046003,0.03593756864046003
INSTAL_PAYMENT_PERC_SUM,-0.03562647318486933,0.03562647318486933
APPROVED_AMT_APPLICATION_MEAN,-0.03553945967583809,0.03553945967583809
APARTMENTS_MODE,-0.0355005999007088,0.0355005999007088
BURO_CREDIT_DAY_OVERDUE_MAX,0.03539732665216373,0.03539732665216373
BURO_CREDIT_DAY_OVERDUE_MEAN,0.0353969249809427,0.0353969249809427
WALLSMATERIAL_MODE_Panel,-0.03511183285921734,0.03511183285921734
LIVINGAPARTMENTS_AVG,-0.03503371186652191,0.03503371186652191
LIVINGAPARTMENTS_MEDI,-0.03467610206954116,0.03467610206954116
CC_AMT_PAYMENT_TOTAL_CURRENT_MAX,0.03441549797994507,0.03441549797994507
CC_NAME_CONTRACT_STATUS_ACTIVE_MEAN,0.034367569873498795,0.034367569873498795
FLAG_WORK_PHONE,0.034007894757384936,0.034007894757384936
REGION_POPULATION_RELATIVE,-0.03400329058266797,0.03400329058266797
PREV_NAME_CASH_LOAN_PURPOSE_REPAIRS_MEAN,0.03392757251764888,0.03392757251764888
PREV_NAME_GOODS_CATEGORY_FURNITURE_MEAN,-0.033917086555120955,0.033917086555120955
BURO_CREDIT_TYPE_CREDIT CARD_MEAN,0.033788908866473885,0.033788908866473885
LIVE_CITY_NOT_WORK_CITY,0.033670226542248605,0.033670226542248605
APPROVED_AMT_CREDIT_MAX,-0.03351301806497498,0.03351301806497498
PREV_AMT_ANNUITY_MEAN,-0.03350296963782556,0.03350296963782556
PREV_NAME_PORTFOLIO_CARDS_MEAN,0.03313772504550458,0.03313772504550458
CC_AMT_INST_MIN_REGULARITY_SUM,0.03301957851717476,0.03301957851717476
NAME_HOUSING_TYPE_With parents,0.03293496573369251,0.03293496573369251
PREV_PRODUCT_COMBINATION_CASH STREET: HIGH_MEAN,0.03276335313790203,0.03276335313790203
ORGANIZATION_TYPE_Self-employed,0.03255754454530547,0.03255754454530547
DEF_30_CNT_SOCIAL_CIRCLE,0.03252119114188897,0.03252119114188897
POS_SK_DPD_DEF_MEAN,0.031981129342426126,0.031981129342426126
PREV_NAME_SELLER_INDUSTRY_CLOTHING_MEAN,-0.03196977295423854,0.03196977295423854
NAME_CONTRACT_TYPE_Cash loans,0.031702339670117104,0.031702339670117104
NAME_CONTRACT_TYPE_Revolving loans,-0.031702339670117104,0.031702339670117104
LIVINGAPARTMENTS_MODE,-0.031694668057049485,0.031694668057049485
FONDKAPREMONT_MODE_nan,0.03161773092787267,0.03161773092787267
PREV_NAME_YIELD_GROUP_LOW_ACTION_MEAN,-0.03158690868891884,0.03158690868891884
PREV_NAME_SELLER_INDUSTRY_FURNITURE_MEAN,-0.031392605003953945,0.031392605003953945
CC_AMT_DRAWINGS_POS_CURRENT_VAR,0.03137989982793319,0.03137989982793319
PREV_NAME_GOODS_CATEGORY_CLOTHING AND ACCESSORIES_MEAN,-0.03132798416583302,0.03132798416583302
HOUR_APPR_PROCESS_START,-0.031187762519595808,0.031187762519595808
NAME_HOUSING_TYPE_House / apartment,-0.03098090747354277,0.03098090747354277
POS_SK_DPD_DEF_MAX,0.03088530994362303,0.03088530994362303
PREV_HOUR_APPR_PROCESS_START_MIN,-0.03082997349752674,0.03082997349752674
OCCUPATION_TYPE_Drivers,0.030776655233640107,0.030776655233640107
PREV_CNT_PAYMENT_MEAN,0.030666153162648604,0.030666153162648604
PREV_AMT_ANNUITY_MAX,-0.03060126355614663,0.03060126355614663
BURO_AMT_CREDIT_SUM_LIMIT_MEAN,0.030550891625700474,0.030550891625700474
PREV_CHANNEL_TYPE_AP+ (CASH LOAN)_MEAN,0.030324225569913373,0.030324225569913373
PREV_NAME_YIELD_GROUP_HIGH_MEAN,0.030229853162553073,0.030229853162553073
NAME_FAMILY_STATUS_Civil marriage,0.029995725182777815,0.029995725182777815
FLAG_DOCUMENT_6,-0.029990432281889398,0.029990432281889398
PREV_NAME_CLIENT_TYPE_NEW_MEAN,0.029794068457370513,0.029794068457370513
YEARS_BEGINEXPLUATATION_MEDI,-0.0297380615184997,0.0297380615184997
YEARS_BEGINEXPLUATATION_AVG,-0.029272762962726365,0.029272762962726365
CC_AMT_PAYMENT_CURRENT_MAX,-0.0292099437073444,0.0292099437073444
PREV_NAME_PORTFOLIO_POS_MEAN,-0.029176891192444442,0.029176891192444442
PREV_NAME_TYPE_SUITE_NAN_MEAN,0.02915822283796453,0.02915822283796453
YEARS_BEGINEXPLUATATION_MODE,-0.02884000772081961,0.02884000772081961
POS_SK_DPD_MEAN,0.028713521428609945,0.028713521428609945
APPROVED_AMT_CREDIT_MEAN,-0.028691724377664644,0.028691724377664644
CC_AMT_PAYMENT_CURRENT_MEAN,0.02867144225582334,0.02867144225582334
DEF_60_CNT_SOCIAL_CIRCLE,0.02858440827536028,0.02858440827536028
BURO_CREDIT_TYPE_MORTGAGE_MEAN,-0.02845115006670296,0.02845115006670296
BURO_AMT_CREDIT_SUM_LIMIT_SUM,0.028358620504348158,0.028358620504348158
PREV_PRODUCT_COMBINATION_POS INDUSTRY WITHOUT INTEREST_MEAN,-0.0282160416780188,0.0282160416780188
NAME_FAMILY_STATUS_Married,-0.02799057320316132,0.02799057320316132
PREV_CHANNEL_TYPE_STONE_MEAN,-0.027521390929850995,0.027521390929850995
BASEMENTAREA_AVG,-0.027494754496996374,0.027494754496996374
INSTAL_PAYMENT_PERC_MAX,-0.027420725506474532,0.027420725506474532
INSTAL_COUNT,-0.02730981862983981,0.02730981862983981
POS_SK_DPD_MAX,0.02715733522301659,0.02715733522301659
PREV_AMT_ANNUITY_MIN,-0.02710478909399516,0.02710478909399516
ENTRANCES_AVG,-0.027025156274736197,0.027025156274736197
PREV_NAME_GOODS_CATEGORY_XNA_MEAN,0.026927251443360813,0.026927251443360813
FLAG_PHONE,-0.026889729640100356,0.026889729640100356
ENTRANCES_MEDI,-0.026847339060905216,0.026847339060905216
BASEMENTAREA_MEDI,-0.026809222013049548,0.026809222013049548
NAME_FAMILY_STATUS_Single / not married,0.02666629150553499,0.02666629150553499
BURO_CREDIT_TYPE_CONSUMER CREDIT_MEAN,-0.02666496009456991,0.02666496009456991
FLOORSMIN_AVG,-0.026543041765252476,0.026543041765252476
INSTAL_AMT_PAYMENT_MAX,-0.026249890679021753,0.026249890679021753
PREV_NAME_CONTRACT_TYPE_CONSUMER LOANS_MEAN,-0.026247910662120205,0.026247910662120205
PREV_NAME_PORTFOLIO_XNA_MEAN,0.026144886991355733,0.026144886991355733
AMT_GOODS_PRICE,-0.026135939518639736,0.026135939518639736
FLOORSMIN_MEDI,-0.02601202159702953,0.02601202159702953
PREV_PRODUCT_COMBINATION_CASH STREET: MIDDLE_MEAN,0.02597746580258011,0.02597746580258011
NAME_FAMILY_STATUS_Widow,-0.025878017866792048,0.025878017866792048
PREV_NAME_CASH_LOAN_PURPOSE_URGENT NEEDS_MEAN,0.025425250297863477,0.025425250297863477
PREV_NAME_TYPE_SUITE_FAMILY_MEAN,-0.0253856477787339,0.0253856477787339
INSTAL_AMT_INSTALMENT_MAX,-0.025325943014390284,0.025325943014390284
FONDKAPREMONT_MODE_reg oper account,-0.02526935973660662,0.02526935973660662
INSTAL_DBD_MEAN,-0.02491097229098916,0.02491097229098916
CC_NAME_CONTRACT_STATUS_COMPLETED_MEAN,-0.024488575035655716,0.024488575035655716
FLOORSMIN_MODE,-0.023826203966595492,0.023826203966595492
CC_NAME_CONTRACT_STATUS_SIGNED_MEAN,-0.023685485482510357,0.023685485482510357
NAME_INCOME_TYPE_State servant,-0.023679596380094436,0.023679596380094436
PREV_AMT_APPLICATION_MEAN,-0.023653231373551215,0.023653231373551215
BURO_BB_MONTHS_BALANCE_MAX_MEAN,0.023391640277356594,0.023391640277356594
CC_AMT_PAYMENT_TOTAL_CURRENT_MIN,0.02323734136255063,0.02323734136255063
REFUSED_AMT_CREDIT_MAX,0.023069275805163627,0.023069275805163627
POS_CNT_INSTALMENT_SUM,-0.02283745741466163,0.02283745741466163
ENTRANCES_MODE,-0.022472740994992597,0.022472740994992597
CC_AMT_CREDIT_LIMIT_ACTUAL_MIN,0.022248443319419574,0.022248443319419574
REFUSED_AMT_APPLICATION_MAX,0.021985983513458596,0.021985983513458596
CC_AMT_CREDIT_LIMIT_ACTUAL_VAR,-0.021918064833641303,0.021918064833641303
YEARS_BUILD_MEDI,-0.02180436715791875,0.02180436715791875
PREV_NAME_GOODS_CATEGORY_CONSUMER ELECTRONICS_MEAN,-0.021785687703405367,0.021785687703405367
PREV_AMT_CREDIT_MIN,-0.021729104173741062,0.021729104173741062
PREV_DAYS_DECISION_MAX,0.021677443820655805,0.021677443820655805
YEARS_BUILD_AVG,-0.021660873957630073,0.021660873957630073
PREV_NAME_SELLER_INDUSTRY_XNA_MEAN,0.021563995635472226,0.021563995635472226
INSTAL_PAYMENT_PERC_VAR,0.02139179403100662,0.02139179403100662
PREV_NAME_TYPE_SUITE_CHILDREN_MEAN,-0.021305986772612924,0.021305986772612924
PREV_AMT_APPLICATION_MIN,-0.02125131765523013,0.02125131765523013
BURO_AMT_CREDIT_SUM_SUM,-0.021082514860352158,0.021082514860352158
ORGANIZATION_TYPE_Construction,0.02102918511604266,0.02102918511604266
CC_MONTHS_BALANCE_MAX,0.02100189259061942,0.02100189259061942
YEARS_BUILD_MODE,-0.020947646861802765,0.020947646861802765
BASEMENTAREA_MODE,-0.020804686754425126,0.020804686754425126
CC_AMT_DRAWINGS_POS_CURRENT_MAX,0.02052243246509188,0.02052243246509188
OCCUPATION_TYPE_Core staff,-0.020185101051448974,0.020185101051448974
CC_CNT_DRAWINGS_ATM_CURRENT_MIN,0.020034934576724138,0.020034934576724138
POS_CNT_INSTALMENT_FUTURE_MEAN,0.02003014250866751,0.02003014250866751
CC_AMT_DRAWINGS_ATM_CURRENT_MIN,0.020016679822450166,0.020016679822450166
PREV_PRODUCT_COMBINATION_POS HOUSEHOLD WITHOUT INTEREST_MEAN,-0.01990813385044305,0.01990813385044305
BURO_CREDIT_TYPE_CAR LOAN_MEAN,-0.01974190839684547,0.01974190839684547
COMMONAREA_AVG,-0.01937404155138911,0.01937404155138911
OCCUPATION_TYPE_Managers,-0.019351495113948094,0.019351495113948094
PREV_NAME_CASH_LOAN_PURPOSE_MEDICINE_MEAN,0.019290885433273022,0.019290885433273022
CC_CNT_DRAWINGS_OTHER_CURRENT_MAX,-0.019270825556924328,0.019270825556924328
PAYMENT_RATE,0.019219623147160605,0.019219623147160605
PREV_NAME_CASH_LOAN_PURPOSE_OTHER_MEAN,0.019139329122292256,0.019139329122292256
BURO_AMT_CREDIT_SUM_MEAN,-0.019056350775314746,0.019056350775314746
AMT_REQ_CREDIT_BUREAU_YEAR,0.01878103539448547,0.01878103539448547
CC_AMT_DRAWINGS_OTHER_CURRENT_MAX,-0.018592017969398012,0.018592017969398012
PREV_NAME_CASH_LOAN_PURPOSE_CAR REPAIRS_MEAN,0.018571901613357502,0.018571901613357502
COMMONAREA_MEDI,-0.018500289624633424,0.018500289624633424
PREV_NAME_SELLER_INDUSTRY_CONNECTIVITY_MEAN,0.018345535503839796,0.018345535503839796
LANDAREA_AVG,-0.018278434968003864,0.018278434968003864
PREV_PRODUCT_COMBINATION_CASH X-SELL: MIDDLE_MEAN,-0.018248131430045104,0.018248131430045104
CC_CNT_DRAWINGS_OTHER_CURRENT_MEAN,-0.01819182852304385,0.01819182852304385
PREV_NAME_PRODUCT_TYPE_X-SELL_MEAN,-0.018073524190968287,0.018073524190968287
CC_AMT_DRAWINGS_OTHER_CURRENT_MEAN,-0.01805071228842317,0.01805071228842317
ORGANIZATION_TYPE_Business Entity Type 3,0.017993872129201425,0.017993872129201425
CC_CNT_DRAWINGS_OTHER_CURRENT_VAR,-0.017987851280220193,0.017987851280220193
CC_AMT_DRAWINGS_OTHER_CURRENT_VAR,-0.01797773347564941,0.01797773347564941
PREV_CHANNEL_TYPE_CONTACT CENTER_MEAN,0.017849372615848725,0.017849372615848725
POS_CNT_INSTALMENT_FUTURE_SUM,-0.017841778944401514,0.017841778944401514
OCCUPATION_TYPE_Security staff,0.01760515047277508,0.01760515047277508
LANDAREA_MEDI,-0.017603455103950977,0.017603455103950977
POS_CNT_INSTALMENT_MEAN,0.017424188784310585,0.017424188784310585
PREV_NAME_YIELD_GROUP_MIDDLE_MEAN,-0.017207064454299,0.017207064454299
CC_CNT_INSTALMENT_MATURE_CUM_VAR,0.017021628746388223,0.017021628746388223
CC_AMT_PAYMENT_CURRENT_VAR,-0.016976781084963907,0.016976781084963907
CNT_CHILDREN,0.01696732150778733,0.01696732150778733
PREV_AMT_GOODS_PRICE_MIN,-0.01695723102718326,0.01695723102718326
OCCUPATION_TYPE_Sales staff,0.016713829462056667,0.016713829462056667
BURO_AMT_ANNUITY_MEAN,0.016695449704158066,0.016695449704158066
INSTAL_PAYMENT_DIFF_VAR,0.016691196321968402,0.016691196321968402
NAME_INCOME_TYPE_Unemployed,0.016625517822506243,0.016625517822506243
CC_SK_DPD_DEF_MAX,-0.016610278689306715,0.016610278689306715
CC_SK_DPD_DEF_SUM,-0.01651765132724019,0.01651765132724019
PREV_NAME_CASH_LOAN_PURPOSE_BUYING A USED CAR_MEAN,0.016310896898801955,0.016310896898801955
OCCUPATION_TYPE_High skill tech staff,-0.016237462012381566,0.016237462012381566
PREV_AMT_GOODS_PRICE_MEAN,-0.016205806827462886,0.016205806827462886
PREV_PRODUCT_COMBINATION_CASH_MEAN,0.016095021149665076,0.016095021149665076
PREV_NAME_SELLER_INDUSTRY_CONSUMER ELECTRONICS_MEAN,-0.016079306201668805,0.016079306201668805
PREV_AMT_CREDIT_MEAN,-0.01600696804060908,0.01600696804060908
ORGANIZATION_TYPE_Industry: type 3,0.015972479155600433,0.015972479155600433
PREV_AMT_GOODS_PRICE_MAX,-0.015733674765788453,0.015733674765788453
ORGANIZATION_TYPE_Police,-0.015712841600050563,0.015712841600050563
PREV_NAME_PRODUCT_TYPE_XNA_MEAN,-0.01562284767341439,0.01562284767341439
CC_SK_DPD_DEF_MEAN,-0.015557085597308593,0.015557085597308593
PREV_AMT_APPLICATION_MAX,-0.015543729066484338,0.015543729066484338
CC_SK_DPD_DEF_VAR,-0.01553837641370594,0.01553837641370594
NAME_HOUSING_TYPE_Rented apartment,0.015537654027801526,0.015537654027801526
ORGANIZATION_TYPE_Transport: type 3,0.015524127239662917,0.015524127239662917
BURO_AMT_CREDIT_SUM_MAX,-0.015485694800578969,0.015485694800578969
NONLIVINGAREA_AVG,-0.015394554311676193,0.015394554311676193
ORGANIZATION_TYPE_Industry: type 13,0.015364105223695374,0.015364105223695374
FLAG_OWN_CAR_Y,-0.015360449748768197,0.015360449748768197
FLAG_OWN_CAR_N,0.015360449748768197,0.015360449748768197
ORGANIZATION_TYPE_Medicine,-0.015323257900648389,0.015323257900648389
PREV_PRODUCT_COMBINATION_POS MOBILE WITH INTEREST_MEAN,0.01527059045586849,0.01527059045586849
OCCUPATION_TYPE_Accountants,-0.015197288095928206,0.015197288095928206
CC_NAME_CONTRACT_STATUS_SENT PROPOSAL_MEAN,-0.015101557110999813,0.015101557110999813
PREV_AMT_DOWN_PAYMENT_MIN,-0.014958223988064678,0.014958223988064678
PREV_RATE_DOWN_PAYMENT_MIN,-0.014842361428326057,0.014842361428326057
LANDAREA_MODE,-0.014717677779325861,0.014717677779325861
PREV_NAME_CONTRACT_STATUS_CANCELED_MEAN,0.014607946576117765,0.014607946576117765
PREV_CODE_REJECT_REASON_SCO_MEAN,0.01444742928587498,0.01444742928587498
CC_AMT_PAYMENT_TOTAL_CURRENT_SUM,0.01442317420376963,0.01442317420376963
NONLIVINGAREA_MEDI,-0.014345120509119675,0.014345120509119675
CC_AMT_PAYMENT_CURRENT_SUM,0.014105069928533333,0.014105069928533333
FLAG_DOCUMENT_21,0.013683972635473524,0.013683972635473524
ORGANIZATION_TYPE_Bank,-0.013577570142252592,0.013577570142252592
ORGANIZATION_TYPE_School,-0.013533711038060255,0.013533711038060255
PREV_NAME_CASH_LOAN_PURPOSE_PAYMENTS ON OTHER LOANS_MEAN,0.013496319758374833,0.013496319758374833
ORGANIZATION_TYPE_Trade: type 7,0.013487916896661878,0.013487916896661878
APPROVED_CNT_PAYMENT_MEAN,0.013351682457780803,0.013351682457780803
PREV_PRODUCT_COMBINATION_CARD X-SELL_MEAN,0.01326819855572,0.01326819855572
BURO_CREDIT_ACTIVE_SOLD_MEAN,0.013059670431892977,0.013059670431892977
OCCUPATION_TYPE_Cooking staff,0.013056854483321972,0.013056854483321972
COMMONAREA_MODE,-0.012788252432378378,0.012788252432378378
ANNUITY_INCOME_PERC,0.012498829756110406,0.012498829756110406
REG_REGION_NOT_WORK_REGION,0.01245729417728365,0.01245729417728365
NONLIVINGAREA_MODE,-0.012285103047104357,0.012285103047104357
PREV_PRODUCT_COMBINATION_POS MOBILE WITHOUT INTEREST_MEAN,-0.01226933720028646,0.01226933720028646
BURO_AMT_ANNUITY_MAX,0.012126560274562556,0.012126560274562556
WEEKDAY_APPR_PROCESS_START_TUESDAY,0.012102546452875906,0.012102546452875906
FLAG_DOCUMENT_13,-0.011927308442273764,0.011927308442273764
AMT_CREDIT,-0.011836184977322774,0.011836184977322774
PREV_NAME_SELLER_INDUSTRY_AUTO TECHNOLOGY_MEAN,0.011669108699795134,0.011669108699795134
FONDKAPREMONT_MODE_org spec account,-0.011657275172486152,0.011657275172486152
AMT_REQ_CREDIT_BUREAU_QRT,-0.011559347231445777,0.011559347231445777
ORGANIZATION_TYPE_Security,0.011553026126394386,0.011553026126394386
PREV_NAME_GOODS_CATEGORY_MEDICAL SUPPLIES_MEAN,-0.011427509581370917,0.011427509581370917
PREV_NAME_CASH_LOAN_PURPOSE_BUYING A NEW CAR_MEAN,0.011396872773198223,0.011396872773198223
ORGANIZATION_TYPE_Industry: type 1,0.011347406875384025,0.011347406875384025
PREV_WEEKDAY_APPR_PROCESS_START_SUNDAY_MEAN,-0.011264420110661047,0.011264420110661047
FLAG_DOCUMENT_18,-0.011242765888314344,0.011242765888314344
AMT_INCOME_TOTAL,-0.011105636178058266,0.011105636178058266
PREV_NAME_SELLER_INDUSTRY_INDUSTRY_MEAN,-0.01110040375849639,0.01110040375849639
CC_CNT_DRAWINGS_POS_CURRENT_MIN,0.011057777031777533,0.011057777031777533
PREV_NAME_SELLER_INDUSTRY_CONSTRUCTION_MEAN,-0.011051596811960395,0.011051596811960395
ORGANIZATION_TYPE_Restaurant,0.010908902259672969,0.010908902259672969
AMT_REQ_CREDIT_BUREAU_DAY,0.010860920328693133,0.010860920328693133
ORGANIZATION_TYPE_Services,-0.010857967125828663,0.010857967125828663
BURO_BB_STATUS_3_MEAN_MEAN,0.010827038497378842,0.010827038497378842
PREV_NAME_GOODS_CATEGORY_CONSTRUCTION MATERIALS_MEAN,-0.01052805624441195,0.01052805624441195
ORGANIZATION_TYPE_Kindergarten,-0.010520474460933207,0.010520474460933207
CC_AMT_DRAWINGS_POS_CURRENT_MIN,0.010457481101555418,0.010457481101555418
OCCUPATION_TYPE_Medicine staff,-0.010431958037203266,0.010431958037203266
POS_MONTHS_BALANCE_MAX,-0.010380325596736358,0.010380325596736358
PREV_NAME_CASH_LOAN_PURPOSE_HOBBY_MEAN,0.010312801416587254,0.010312801416587254
INSTAL_DBD_MAX,-0.010213074285654194,0.010213074285654194
PREV_NAME_GOODS_CATEGORY_AUTO ACCESSORIES_MEAN,0.010190001861502561,0.010190001861502561
PREV_WEEKDAY_APPR_PROCESS_START_SATURDAY_MEAN,-0.010087463277389862,0.010087463277389862
FLAG_DOCUMENT_16,-0.009952188611058047,0.009952188611058047
AMT_REQ_CREDIT_BUREAU_MON,-0.00988829139027375,0.00988829139027375
PREV_NAME_CLIENT_TYPE_XNA_MEAN,0.009815393223524503,0.009815393223524503
PREV_AMT_CREDIT_MAX,-0.009810414394792355,0.009810414394792355
"WALLSMATERIAL_MODE_Stone, brick",-0.00979328453920822,0.00979328453920822
INCOME_PER_PERSON,-0.009786533518407666,0.009786533518407666
WALLSMATERIAL_MODE_Monolithic,-0.009781425850903561,0.009781425850903561
BURO_CREDIT_COUNT,-0.009771197001027649,0.009771197001027649
FLAG_DOCUMENT_15,-0.00976314215857812,0.00976314215857812
NAME_EDUCATION_TYPE_Lower secondary,0.009671340577338474,0.009671340577338474
PREV_NAME_TYPE_SUITE_UNACCOMPANIED_MEAN,-0.009603468810783857,0.009603468810783857
OCCUPATION_TYPE_Waiters/barmen staff,0.00949908243519225,0.00949908243519225
FLAG_DOCUMENT_14,-0.009432254645663543,0.009432254645663543
PREV_NAME_GOODS_CATEGORY_OTHER_MEAN,-0.009365536204180262,0.009365536204180262
WALLSMATERIAL_MODE_Block,-0.009349542184567038,0.009349542184567038
PREV_NAME_CASH_LOAN_PURPOSE_EDUCATION_MEAN,0.009304630290505178,0.009304630290505178
FLAG_DOCUMENT_8,-0.009275132285551593,0.009275132285551593
PREV_NAME_SELLER_INDUSTRY_MLM PARTNERS_MEAN,-0.009123780971039414,0.009123780971039414
ORGANIZATION_TYPE_Trade: type 3,0.009096675146501323,0.009096675146501323
PREV_CNT_PAYMENT_SUM,0.009049939061624957,0.009049939061624957
PREV_NAME_GOODS_CATEGORY_INSURANCE_MEAN,0.009028514809615666,0.009028514809615666
PREV_NAME_CONTRACT_TYPE_CASH LOANS_MEAN,0.00899105999891368,0.00899105999891368
PREV_NAME_CASH_LOAN_PURPOSE_XAP_MEAN,-0.00899105999891368,0.00899105999891368
PREV_APP_CREDIT_PERC_VAR,-0.008852852680494083,0.008852852680494083
POS_NAME_CONTRACT_STATUS_RETURNED TO THE STORE_MEAN,0.008827176479304867,0.008827176479304867
NAME_TYPE_SUITE_nan,-0.0087279920799285,0.0087279920799285
PREV_NAME_GOODS_CATEGORY_TOURISM_MEAN,-0.008707518720466824,0.008707518720466824
ORGANIZATION_TYPE_University,-0.008594637370836235,0.008594637370836235
REFUSED_AMT_CREDIT_MEAN,0.008577555815211572,0.008577555815211572
PREV_PRODUCT_COMBINATION_NAN_MEAN,0.008564054987692336,0.008564054987692336
PREV_NAME_CONTRACT_TYPE_XNA_MEAN,0.008564054987692336,0.008564054987692336
CC_CNT_INSTALMENT_MATURE_CUM_MAX,0.008476925542089337,0.008476925542089337
BURO_BB_STATUS_2_MEAN_MEAN,0.008451888056039782,0.008451888056039782
PREV_NAME_SELLER_INDUSTRY_TOURISM_MEAN,-0.008386107458789857,0.008386107458789857
ORGANIZATION_TYPE_Insurance,-0.008370300159983059,0.008370300159983059
NAME_TYPE_SUITE_Unaccompanied,0.008220801163669507,0.008220801163669507
NAME_INCOME_TYPE_Commercial associate,-0.0081590694126043,0.0081590694126043
PREV_NAME_CASH_LOAN_PURPOSE_WEDDING / GIFT / HOLIDAY_MEAN,0.008112989603763849,0.008112989603763849
PREV_NAME_GOODS_CATEGORY_MOBILE_MEAN,0.008076051319446529,0.008076051319446529
PREV_PRODUCT_COMBINATION_POS HOUSEHOLD WITH INTEREST_MEAN,-0.008021662891735355,0.008021662891735355
FONDKAPREMONT_MODE_reg oper spec account,-0.007874400104267371,0.007874400104267371
ORGANIZATION_TYPE_Transport: type 4,0.007874177636155366,0.007874177636155366
INSTAL_NUM_INSTALMENT_NUMBER_MEAN,0.007862062761193311,0.007862062761193311
ORGANIZATION_TYPE_Transport: type 1,-0.00785858157766757,0.00785858157766757
PREV_NAME_GOODS_CATEGORY_PHOTO / CINEMA EQUIPMENT_MEAN,-0.00778332578967728,0.00778332578967728
PREV_NAME_GOODS_CATEGORY_VEHICLES_MEAN,0.007744941514070404,0.007744941514070404
ORGANIZATION_TYPE_Trade: type 6,-0.0076846447746520535,0.0076846447746520535
PREV_CHANNEL_TYPE_COUNTRY-WIDE_MEAN,-0.007666013725001482,0.007666013725001482
FLAG_DOCUMENT_19,-0.007514015649344799,0.007514015649344799
WEEKDAY_APPR_PROCESS_START_SATURDAY,-0.007470262182940722,0.007470262182940722
PREV_NAME_GOODS_CATEGORY_AUDIO/VIDEO_MEAN,-0.007448001458984862,0.007448001458984862
NAME_TYPE_SUITE_Family,-0.007368153966133149,0.007368153966133149
PREV_NAME_CASH_LOAN_PURPOSE_REFUSAL TO NAME THE GOAL_MEAN,0.007292429584636608,0.007292429584636608
NAME_TYPE_SUITE_Other_B,0.007276820549864593,0.007276820549864593
POS_NAME_CONTRACT_STATUS_DEMAND_MEAN,0.007198939945140953,0.007198939945140953
FLAG_DOCUMENT_2,0.007162748563165433,0.007162748563165433
PREV_NAME_CASH_LOAN_PURPOSE_PURCHASE OF ELECTRONIC EQUIPMENT_MEAN,0.007123688172703534,0.007123688172703534
ORGANIZATION_TYPE_Industry: type 12,-0.007088944713479495,0.007088944713479495
PREV_NAME_GOODS_CATEGORY_EDUCATION_MEAN,0.007044670327539014,0.007044670327539014
REFUSED_AMT_APPLICATION_MEAN,0.0068547799654697815,0.0068547799654697815
LIVE_REGION_NOT_WORK_REGION,0.00666837659566452,0.00666837659566452
NAME_HOUSING_TYPE_Municipal apartment,0.006512363592312626,0.006512363592312626
WALLSMATERIAL_MODE_Wooden,0.006511187206823398,0.006511187206823398
BURO_CNT_CREDIT_PROLONG_SUM,0.006511058684996931,0.006511058684996931
ORGANIZATION_TYPE_Telecom,-0.006325579417215677,0.006325579417215677
PREV_CHANNEL_TYPE_CREDIT AND CASH OFFICES_MEAN,0.006284421296928599,0.006284421296928599
REG_REGION_NOT_LIVE_REGION,0.006237337212193543,0.006237337212193543
BURO_BB_STATUS_4_MEAN_MEAN,0.00620400532420519,0.00620400532420519
WEEKDAY_APPR_PROCESS_START_THURSDAY,-0.006157204373069306,0.006157204373069306
PREV_NAME_GOODS_CATEGORY_MEDICINE_MEAN,-0.006145947243871007,0.006145947243871007
PREV_NAME_CLIENT_TYPE_REPEATER_MEAN,-0.006059474005439214,0.006059474005439214
PREV_NAME_GOODS_CATEGORY_GARDENING_MEAN,-0.006007175022484011,0.006007175022484011
FONDKAPREMONT_MODE_not specified,-0.005929370352419157,0.005929370352419157
CNT_FAM_MEMBERS,0.005899562728518864,0.005899562728518864
CC_CNT_DRAWINGS_OTHER_CURRENT_SUM,-0.005863934722523643,0.005863934722523643
PREV_NAME_GOODS_CATEGORY_FITNESS_MEAN,-0.005833766185292921,0.005833766185292921
FLAG_CONT_MOBILE,0.005800078678688536,0.005800078678688536
OCCUPATION_TYPE_Private service staff,-0.005774514278688614,0.005774514278688614
BURO_CREDIT_TYPE_UNKNOWN TYPE OF LOAN_MEAN,-0.005662224435931987,0.005662224435931987
BURO_BB_STATUS_5_MEAN_MEAN,0.005655204809455327,0.005655204809455327
INSTAL_DAYS_ENTRY_PAYMENT_MAX,0.00565162877449317,0.00565162877449317
PREV_NAME_GOODS_CATEGORY_COMPUTERS_MEAN,0.005619640729363715,0.005619640729363715
PREV_NAME_GOODS_CATEGORY_OFFICE APPLIANCES_MEAN,0.005562094690519469,0.005562094690519469
PREV_NAME_PAYMENT_TYPE_NON-CASH FROM YOUR ACCOUNT_MEAN,-0.005490312275468659,0.005490312275468659
OCCUPATION_TYPE_HR staff,-0.005407529942727795,0.005407529942727795
FLAG_DOCUMENT_9,-0.005356647192464191,0.005356647192464191
ORGANIZATION_TYPE_Realtor,0.005355075120405628,0.005355075120405628
CC_AMT_DRAWINGS_OTHER_CURRENT_SUM,-0.005110165542624532,0.005110165542624532
INSTAL_NUM_INSTALMENT_VERSION_NUNIQUE,-0.005106455928167724,0.005106455928167724
PREV_NAME_CASH_LOAN_PURPOSE_EVERYDAY EXPENSES_MEAN,0.005099173970452938,0.005099173970452938
FLAG_DOCUMENT_20,-0.005087279402660493,0.005087279402660493
BURO_CREDIT_CURRENCY_CURRENCY 3_MEAN,-0.00506410853339524,0.00506410853339524
NAME_EDUCATION_TYPE_Academic degree,-0.004933691913649903,0.004933691913649903
PREV_NAME_TYPE_SUITE_OTHER_A_MEAN,0.004876468186316633,0.004876468186316633
PREV_NAME_CASH_LOAN_PURPOSE_BUYING A GARAGE_MEAN,-0.004762947985888291,0.004762947985888291
CC_CNT_DRAWINGS_OTHER_CURRENT_MIN,-0.004698945859149845,0.004698945859149845
CC_AMT_DRAWINGS_OTHER_CURRENT_MIN,-0.0046989458351149975,0.0046989458351149975
ORGANIZATION_TYPE_Postal,-0.004644909725357904,0.004644909725357904
FLAG_DOCUMENT_11,-0.004634343803583581,0.004634343803583581
PREV_WEEKDAY_APPR_PROCESS_START_MONDAY_MEAN,0.004625755150468465,0.004625755150468465
ORGANIZATION_TYPE_Trade: type 4,-0.004600455476823377,0.004600455476823377
ORGANIZATION_TYPE_Hotel,-0.0045992817664726494,0.0045992817664726494
ORGANIZATION_TYPE_Transport: type 2,0.004597321353229694,0.004597321353229694
WEEKDAY_APPR_PROCESS_START_SUNDAY,0.004591077680108444,0.004591077680108444
PREV_NAME_SELLER_INDUSTRY_JEWELRY_MEAN,0.004548874509305424,0.004548874509305424
CC_CNT_INSTALMENT_MATURE_CUM_SUM,-0.004477849384431338,0.004477849384431338
PREV_CHANNEL_TYPE_CHANNEL OF CORPORATE SALES_MEAN,-0.004421279907225515,0.004421279907225515
ORGANIZATION_TYPE_Industry: type 6,-0.004404556725616413,0.004404556725616413
FLAG_DOCUMENT_17,-0.004404556725616413,0.004404556725616413
FLAG_OWN_REALTY_N,0.004403739593024193,0.004403739593024193
FLAG_OWN_REALTY_Y,-0.004403739593024193,0.004403739593024193
FLAG_DOCUMENT_7,-0.004199538055673806,0.004199538055673806
ORGANIZATION_TYPE_Industry: type 2,-0.00418427297588115,0.00418427297588115
PREV_PRODUCT_COMBINATION_POS OTHERS WITHOUT INTEREST_MEAN,-0.004137816608374917,0.004137816608374917
PREV_NAME_PAYMENT_TYPE_CASHLESS FROM THE ACCOUNT OF THE EMPLOYER_MEAN,-0.004135818923368394,0.004135818923368394
ORGANIZATION_TYPE_Security Ministries,-0.004126137993562292,0.004126137993562292
BURO_BB_STATUS_X_MEAN_MEAN,0.004107453862501398,0.004107453862501398
ORGANIZATION_TYPE_Culture,-0.004078161631042425,0.004078161631042425
PREV_APPLICATION_COUNT,0.004050222515396474,0.004050222515396474
BURO_CREDIT_ACTIVE_BAD DEBT_MEAN,0.003942561892845086,0.003942561892845086
BURO_CREDIT_TYPE_LOAN FOR BUSINESS DEVELOPMENT_MEAN,-0.0038416737291080885,0.0038416737291080885
"PREV_NAME_TYPE_SUITE_SPOUSE, PARTNER_MEAN",0.0038388293310927086,0.0038388293310927086
WALLSMATERIAL_MODE_Others,-0.003838394608383943,0.003838394608383943
PREV_NAME_CASH_LOAN_PURPOSE_FURNITURE_MEAN,0.0037853968168580004,0.0037853968168580004
PREV_NAME_CASH_LOAN_PURPOSE_BUYING A HOME_MEAN,0.003778775682158034,0.003778775682158034
ORGANIZATION_TYPE_Trade: type 2,0.0036640849901040315,0.0036640849901040315
NAME_FAMILY_STATUS_Separated,0.0036595557758893915,0.0036595557758893915
PREV_CHANNEL_TYPE_REGIONAL / LOCAL_MEAN,-0.0036457028993312325,0.0036457028993312325
NAME_TYPE_SUITE_Children,-0.0035812176734642833,0.0035812176734642833
PREV_NAME_TYPE_SUITE_GROUP OF PEOPLE_MEAN,-0.0035305006945789913,0.0035305006945789913
ORGANIZATION_TYPE_Trade: type 1,-0.0035147319023399242,0.0035147319023399242
ORGANIZATION_TYPE_Emergency,-0.003480596968032451,0.003480596968032451
EMERGENCYSTATE_MODE_Yes,0.0033976936127374548,0.0033976936127374548
PREV_NAME_CONTRACT_STATUS_UNUSED OFFER_MEAN,0.0033870801919383287,0.0033870801919383287
PREV_CODE_REJECT_REASON_CLIENT_MEAN,0.0033870801919383287,0.0033870801919383287
WEEKDAY_APPR_PROCESS_START_MONDAY,-0.0033719096876712027,0.0033719096876712027
PREV_CODE_REJECT_REASON_SYSTEM_MEAN,-0.003333214646273889,0.003333214646273889
ORGANIZATION_TYPE_Industry: type 4,0.0033134636655482892,0.0033134636655482892
NAME_INCOME_TYPE_Student,-0.003252818054131062,0.003252818054131062
NAME_TYPE_SUITE_Other_A,-0.003249719759574057,0.003249719759574057
ORGANIZATION_TYPE_Mobile,0.0032057073918549755,0.0032057073918549755
ORGANIZATION_TYPE_Legal Services,0.0032057073918549755,0.0032057073918549755
PREV_NAME_CASH_LOAN_PURPOSE_BUILDING A HOUSE OR AN ANNEX_MEAN,0.003189571617940641,0.003189571617940641
NONLIVINGAPARTMENTS_MODE,0.0031086195790541843,0.0031086195790541843
ORGANIZATION_TYPE_Other,0.003098244236437091,0.003098244236437091
NAME_TYPE_SUITE_Group of people,-0.003044939030930861,0.003044939030930861
OCCUPATION_TYPE_Realty agents,0.0029491729694428436,0.0029491729694428436
PREV_CHANNEL_TYPE_CAR DEALER_MEAN,-0.0029469361533322838,0.0029469361533322838
AMT_REQ_CREDIT_BUREAU_HOUR,0.0029465813619028386,0.0029465813619028386
PREV_NAME_CASH_LOAN_PURPOSE_BUSINESS DEVELOPMENT_MEAN,-0.0029463955018798355,0.0029463955018798355
ORGANIZATION_TYPE_Military,-0.002930075588009704,0.002930075588009704
PREV_NAME_CASH_LOAN_PURPOSE_GASIFICATION / WATER SUPPLY_MEAN,0.00292771103210601,0.00292771103210601
PREV_NAME_GOODS_CATEGORY_ADDITIONAL SERVICE_MEAN,0.002877904595818546,0.002877904595818546
BURO_CREDIT_TYPE_LOAN FOR WORKING CAPITAL REPLENISHMENT_MEAN,0.0028453774287337365,0.0028453774287337365
ORGANIZATION_TYPE_Business Entity Type 2,0.0028411313959447707,0.0028411313959447707
BURO_CREDIT_TYPE_REAL ESTATE LOAN_MEAN,-0.0028087659351208336,0.0028087659351208336
PREV_NAME_GOODS_CATEGORY_SPORT AND LEISURE_MEAN,-0.0027827829256876968,0.0027827829256876968
CC_SK_DPD_SUM,-0.002755103110808983,0.002755103110808983
POS_NAME_CONTRACT_STATUS_COMPLETED_MEAN,-0.0027415381653163448,0.0027415381653163448
NAME_HOUSING_TYPE_Office apartment,-0.0027406998942731,0.0027406998942731
ORGANIZATION_TYPE_Religion,0.0026816042567126344,0.0026816042567126344
FLAG_DOCUMENT_10,-0.0026558616965005172,0.0026558616965005172
PREV_PRODUCT_COMBINATION_POS OTHER WITH INTEREST_MEAN,-0.0026123712214920773,0.0026123712214920773
ORGANIZATION_TYPE_Advertising,0.002604445630807672,0.002604445630807672
CC_NAME_CONTRACT_STATUS_DEMAND_MEAN,-0.002584932323039564,0.002584932323039564
CC_NAME_CONTRACT_STATUS_REFUSED_MEAN,-0.002584932323039564,0.002584932323039564
CC_AMT_CREDIT_LIMIT_ACTUAL_MEAN,0.002579552580972817,0.002579552580972817
PREV_NAME_PORTFOLIO_CASH_MEAN,0.002558890250295645,0.002558890250295645
POS_NAME_CONTRACT_STATUS_APPROVED_MEAN,-0.0025439188223646417,0.0025439188223646417
PREV_NAME_CASH_LOAN_PURPOSE_JOURNEY_MEAN,-0.0024639795926883886,0.0024639795926883886
BURO_CREDIT_TYPE_CASH LOAN (NON-EARMARKED)_MEAN,-0.0024324341673169084,0.0024324341673169084
AMT_REQ_CREDIT_BUREAU_WEEK,0.002423435402577137,0.002423435402577137
NAME_HOUSING_TYPE_Co-op apartment,-0.002422867206228792,0.002422867206228792
PREV_NAME_GOODS_CATEGORY_JEWELRY_MEAN,0.002397403470410116,0.002397403470410116
POS_NAME_CONTRACT_STATUS_ACTIVE_MEAN,-0.002374373675670448,0.002374373675670448
FLAG_DOCUMENT_4,-0.002300020696175377,0.002300020696175377
ORGANIZATION_TYPE_Industry: type 5,0.0021932834565120784,0.0021932834565120784
OBS_60_CNT_SOCIAL_CIRCLE,-0.0021559539453107537,0.0021559539453107537
HOUSETYPE_MODE_terraced house,0.0021537125737878687,0.0021537125737878687
PREV_NAME_CASH_LOAN_PURPOSE_BUYING A HOLIDAY HOME / LAND_MEAN,0.0021353572214314344,0.0021353572214314344
ORGANIZATION_TYPE_Business Entity Type 1,0.002121349144599194,0.002121349144599194
OBS_30_CNT_SOCIAL_CIRCLE,-0.002076265332834545,0.002076265332834545
INSTAL_NUM_INSTALMENT_NUMBER_MAX,0.002073783712851,0.002073783712851
PREV_WEEKDAY_APPR_PROCESS_START_TUESDAY_MEAN,0.0020255585412002806,0.0020255585412002806
HOUSETYPE_MODE_specific housing,0.002009688282364894,0.002009688282364894
OCCUPATION_TYPE_Cleaning staff,0.002003031298098795,0.002003031298098795
BURO_CREDIT_CURRENCY_CURRENCY 4_MEAN,-0.0019860509228562997,0.0019860509228562997
POS_NAME_CONTRACT_STATUS_SIGNED_MEAN,-0.001962395239780796,0.001962395239780796
PREV_NAME_CASH_LOAN_PURPOSE_MONEY FOR A THIRD PERSON_MEAN,-0.0019442598144721402,0.0019442598144721402
PREV_NAME_GOODS_CATEGORY_HOMEWARES_MEAN,0.0018715664766052894,0.0018715664766052894
PREV_PRODUCT_COMBINATION_CASH STREET: LOW_MEAN,0.0018461201210033598,0.0018461201210033598
CC_SK_DPD_MAX,-0.0017335231800415065,0.0017335231800415065
PREV_NAME_PORTFOLIO_CARS_MEAN,-0.0017320564524072675,0.0017320564524072675
BURO_CREDIT_CURRENCY_CURRENCY 2_MEAN,0.001721843095266507,0.001721843095266507
PREV_WEEKDAY_APPR_PROCESS_START_THURSDAY_MEAN,0.0016740075487602076,0.0016740075487602076
SK_ID_CURR,0.001631414069513994,0.001631414069513994
ORGANIZATION_TYPE_Cleaning,0.0015108258015259768,0.0015108258015259768
CC_CNT_INSTALMENT_MATURE_CUM_MEAN,0.0014330936546862213,0.0014330936546862213
BURO_CREDIT_TYPE_LOAN FOR PURCHASE OF SHARES (MARGIN LENDING)_MEAN,-0.0014043336297014995,0.0014043336297014995
BURO_CREDIT_TYPE_LOAN FOR THE PURCHASE OF EQUIPMENT_MEAN,-0.0014043336297014995,0.0014043336297014995
AMT_ANNUITY,-0.0014042117912027165,0.0014042117912027165
OCCUPATION_TYPE_Secretaries,0.001402761828081347,0.001402761828081347
CC_AMT_CREDIT_LIMIT_ACTUAL_MAX,0.0013986000769076353,0.0013986000769076353
POS_NAME_CONTRACT_STATUS_AMORTIZED DEBT_MEAN,-0.0013747629713044154,0.0013747629713044154
WEEKDAY_APPR_PROCESS_START_WEDNESDAY,0.0013687195621937558,0.0013687195621937558
PREV_FLAG_LAST_APPL_PER_CONTRACT_N_MEAN,0.0013371043083886987,0.0013371043083886987
PREV_FLAG_LAST_APPL_PER_CONTRACT_Y_MEAN,-0.0013371043083886987,0.0013371043083886987
ORGANIZATION_TYPE_Industry: type 8,-0.001327891008930426,0.001327891008930426
NAME_INCOME_TYPE_Maternity leave,-0.001327891008930426,0.001327891008930426
ORGANIZATION_TYPE_Housing,-0.0012785024593817255,0.0012785024593817255
BURO_CREDIT_TYPE_ANOTHER TYPE OF LOAN_MEAN,-0.0012730900223651012,0.0012730900223651012
ORGANIZATION_TYPE_Industry: type 10,-0.0012143288704335935,0.0012143288704335935
ORGANIZATION_TYPE_Industry: type 11,-0.0011323431475120552,0.0011323431475120552
PREV_NAME_CASH_LOAN_PURPOSE_XNA_MEAN,-0.001073695673431194,0.001073695673431194
FLAG_DOCUMENT_5,0.0010504449627864233,0.0010504449627864233
CC_AMT_INST_MIN_REGULARITY_MIN,0.0010360872912041764,0.0010360872912041764
FLAG_EMAIL,0.00102826774713964,0.00102826774713964
ORGANIZATION_TYPE_Government,-0.00099367158181468,0.00099367158181468
ORGANIZATION_TYPE_Trade: type 5,0.0009837969920598474,0.0009837969920598474
PREV_WEEKDAY_APPR_PROCESS_START_FRIDAY_MEAN,-0.0009674736591610371,0.0009674736591610371
NONLIVINGAPARTMENTS_MEDI,0.0008972166393520259,0.0008972166393520259
CC_SK_DPD_VAR,-0.0008533487521054308,0.0008533487521054308
OCCUPATION_TYPE_IT staff,0.0007971394874825249,0.0007971394874825249
INSTAL_DAYS_INSTALMENT_MAX,0.0007709921070656349,0.0007709921070656349
WEEKDAY_APPR_PROCESS_START_FRIDAY,-0.0007697002152972891,0.0007697002152972891
PREV_NAME_TYPE_SUITE_OTHER_B_MEAN,0.0007684220592769337,0.0007684220592769337
PREV_NAME_GOODS_CATEGORY_WEAPON_MEAN,-0.0006670643572938937,0.0006670643572938937
ORGANIZATION_TYPE_Industry: type 7,0.000624005524422561,0.000624005524422561
CC_SK_DPD_MEAN,-0.0006047219516208603,0.0006047219516208603
PREV_CODE_REJECT_REASON_XNA_MEAN,0.0005637915089876477,0.0005637915089876477
PREV_NAME_GOODS_CATEGORY_DIRECT SALES_MEAN,0.0005614682579155979,0.0005614682579155979
"NAME_TYPE_SUITE_Spouse, partner",-0.0005319664534263011,0.0005319664534263011
PREV_CODE_REJECT_REASON_VERIF_MEAN,-0.0004680535321946769,0.0004680535321946769
WALLSMATERIAL_MODE_Mixed,-0.000467854782632422,0.000467854782632422
ORGANIZATION_TYPE_Industry: type 9,-0.0004031917209087202,0.0004031917209087202
ORGANIZATION_TYPE_Agriculture,-0.00039325977099634833,0.00039325977099634833
INCOME_CREDIT_PERC,-0.000279469968684471,0.000279469968684471
NONLIVINGAPARTMENTS_AVG,-0.00021040919438245617,0.00021040919438245617
NAME_EDUCATION_TYPE_Incomplete higher,-0.00018685146975248396,0.00018685146975248396
BURO_CREDIT_CURRENCY_CURRENCY 1_MEAN,-0.000169300685472553,0.000169300685472553
PREV_WEEKDAY_APPR_PROCESS_START_WEDNESDAY_MEAN,0.0001565886495900413,0.0001565886495900413
ORGANIZATION_TYPE_Electricity,0.0001219209890063336,0.0001219209890063336
