column,pearson_correlation_with_target,abs_pearson_correlation_with_target
EXT_SOURCE_3,-0.1732325206620834,0.1732325206620834
EXT_SOURCE_2,-0.16573184150224843,0.16573184150224843
EXT_SOURCE_1,-0.15348400124445177,0.15348400124445177
CC_CNT_DRAWINGS_ATM_CURRENT_MEAN,0.11644224361759395,0.11644224361759395
BURO_DAYS_CREDIT_MEAN,0.09421936763297205,0.09421936763297205
CC_CNT_DRAWINGS_CURRENT_MAX,0.09376699110397284,0.09376699110397284
CC_AMT_BALANCE_MEAN,0.08864361472423733,0.08864361472423733
BURO_BB_MONTHS_BALANCE_MIN_MEAN,0.08805071111998727,0.08805071111998727
CC_AMT_RECIVABLE_MEAN,0.08786968178795668,0.08786968178795668
CC_AMT_TOTAL_RECEIVABLE_MEAN,0.08786875648086313,0.08786875648086313
CC_AMT_RECEIVABLE_PRINCIPAL_MEAN,0.08761380148160812,0.08761380148160812
BURO_CREDIT_ACTIVE_CLOSED_MEAN,-0.08138722644452687,0.08138722644452687
BURO_DAYS_CREDIT_MIN,0.08074630311590081,0.08074630311590081
BURO_CREDIT_ACTIVE_ACTIVE_MEAN,0.08011934171211534,0.08011934171211534
DAYS_BIRTH,0.07845949189756023,0.07845949189756023
BURO_BB_MONTHS_BALANCE_SIZE_MEAN,-0.0782440070038667,0.0782440070038667
CC_CNT_DRAWINGS_CURRENT_MEAN,0.07805999409415583,0.07805999409415583
DAYS_EMPLOYED,0.07628090184203393,0.07628090184203393
BURO_DAYS_CREDIT_UPDATE_MEAN,0.0751396724692834,0.0751396724692834
CC_AMT_INST_MIN_REGULARITY_MEAN,0.07371405971429906,0.07371405971429906
DAYS_EMPLOYED_PERC,-0.07020382215966957,0.07020382215966957
CC_CNT_DRAWINGS_ATM_CURRENT_MAX,0.07018921535519106,0.07018921535519106
PREV_NAME_CONTRACT_STATUS_REFUSED_MEAN,0.06946565335355336,0.06946565335355336
CC_AMT_BALANCE_MIN,0.06917131111231267,0.06917131111231267
CC_AMT_TOTAL_RECEIVABLE_MIN,0.06814504668542569,0.06814504668542569
CC_AMT_RECIVABLE_MIN,0.06814504668542569,0.06814504668542569
CC_AMT_RECEIVABLE_PRINCIPAL_MIN,0.06797075101692415,0.06797075101692415
REFUSED_DAYS_DECISION_MEAN,0.06796902331498822,0.06796902331498822
PREV_CODE_REJECT_REASON_XAP_MEAN,-0.06759089517879259,0.06759089517879259
CC_AMT_BALANCE_MAX,0.06694651811310336,0.06694651811310336
CC_AMT_RECIVABLE_MAX,0.06606506432216451,0.06606506432216451
CC_AMT_TOTAL_RECEIVABLE_MAX,0.0660593256393863,0.0660593256393863
CC_MONTHS_BALANCE_MEAN,0.06581637136903978,0.06581637136903978
CC_AMT_RECEIVABLE_PRINCIPAL_MAX,0.0652801661099619,0.0652801661099619
CC_AMT_DRAWINGS_ATM_CURRENT_MEAN,0.06504434736678266,0.06504434736678266
CC_MONTHS_BALANCE_MIN,0.06500666145151965,0.06500666145151965
CODE_GENDER_F,-0.06478513403012408,0.06478513403012408
CODE_GENDER_M,0.06478513403012405,0.06478513403012405
BURO_BB_STATUS_1_MEAN_MEAN,0.0643029134889266,0.0643029134889266
CC_COUNT,-0.06403507180835609,0.06403507180835609
CC_AMT_INST_MIN_REGULARITY_MAX,0.06067131143769432,0.06067131143769432
CC_CNT_DRAWINGS_POS_CURRENT_MAX,0.060541819850552965,0.060541819850552965
CC_MONTHS_BALANCE_SUM,0.0599426026325078,0.0599426026325078
CC_MONTHS_BALANCE_VAR,-0.05978200125452095,0.05978200125452095
DAYS_LAST_PHONE_CHANGE,0.059266283732810565,0.059266283732810565
PREV_NAME_CONTRACT_STATUS_APPROVED_MEAN,-0.05914071074277886,0.05914071074277886
CC_CNT_DRAWINGS_CURRENT_VAR,0.05913246527628668,0.05913246527628668
NAME_INCOME_TYPE_Working,0.058091951712030146,0.058091951712030146
NAME_EDUCATION_TYPE_Higher education,-0.05791564964469895,0.05791564964469895
PREV_DAYS_DECISION_MIN,0.05745410636056756,0.05745410636056756
CC_CNT_DRAWINGS_ATM_CURRENT_VAR,0.05737175274875078,0.05737175274875078
PREV_CODE_REJECT_REASON_SCOFR_MEAN,0.05684733106225696,0.05684733106225696
CC_CNT_DRAWINGS_ATM_CURRENT_SUM,0.05592608525424161,0.05592608525424161
REGION_RATING_CLIENT_W_CITY,0.05533748756966125,0.05533748756966125
REGION_RATING_CLIENT,0.0535797516677626,0.0535797516677626
REG_CITY_NOT_WORK_CITY,0.053506489759707704,0.053506489759707704
NAME_EDUCATION_TYPE_Secondary / secondary special,0.05276357625566379,0.05276357625566379
CC_AMT_DRAWINGS_CURRENT_MEAN,0.052558995777517124,0.052558995777517124
BURO_DAYS_CREDIT_ENDDATE_MEAN,0.05203660389457089,0.05203660389457089
PREV_NAME_PRODUCT_TYPE_WALK-IN_MEAN,0.0515742203610221,0.0515742203610221
NAME_INCOME_TYPE_Pensioner,-0.050983891515419,0.050983891515419
FLAG_EMP_PHONE,0.05064279199355362,0.05064279199355362
ORGANIZATION_TYPE_XNA,-0.05061629969284516,0.05061629969284516
BURO_CREDIT_TYPE_MICROLOAN_MEAN,0.050196784300581054,0.050196784300581054
PREV_CODE_REJECT_REASON_HC_MEAN,0.049633661399443404,0.049633661399443404
BURO_BB_STATUS_C_MEAN_MEAN,-0.049583921422611955,0.049583921422611955
REFUSED_APPLICATION_COUNT,0.04937911727919792,0.04937911727919792
BURO_DAYS_CREDIT_MAX,0.04866114788503116,0.04866114788503116
PREV_RATE_DOWN_PAYMENT_MAX,-0.047790719997808984,0.047790719997808984
OCCUPATION_TYPE_Laborers,0.04772730901339898,0.04772730901339898
PREV_DAYS_DECISION_MEAN,0.047151922588689575,0.047151922588689575
DAYS_ID_PUBLISH,0.046993261720463184,0.046993261720463184
CC_CNT_DRAWINGS_POS_CURRENT_VAR,0.0464808891612794,0.0464808891612794
FLAG_DOCUMENT_3,0.04618716116355579,0.04618716116355579
INSTAL_DAYS_ENTRY_PAYMENT_MEAN,0.04600901153387971,0.04600901153387971
CC_AMT_DRAWINGS_CURRENT_MAX,0.045583910387661596,0.045583910387661596
INSTAL_DAYS_INSTALMENT_MEAN,0.0455287185713948,0.0455287185713948
CC_AMT_CREDIT_LIMIT_ACTUAL_SUM,-0.044587470827196454,0.044587470827196454
CC_CNT_DRAWINGS_POS_CURRENT_MEAN,0.04430908647196968,0.04430908647196968
CC_CNT_INSTALMENT_MATURE_CUM_SUM,-0.04429444118704918,0.04429444118704918
BURO_DAYS_CREDIT_ENDDATE_MIN,0.04402451415519823,0.04402451415519823
PREV_APP_CREDIT_PERC_MAX,-0.04392079346183076,0.04392079346183076
OCCUPATION_TYPE_nan,-0.043875460071771094,0.043875460071771094
EMERGENCYSTATE_MODE_No,-0.043645814213633886,0.043645814213633886
EMERGENCYSTATE_MODE_nan,0.04310116499249095,0.04310116499249095
DAYS_REGISTRATION,0.04278147821216661,0.04278147821216661
CC_AMT_INST_MIN_REGULARITY_VAR,0.042725498163463084,0.042725498163463084
HOUSETYPE_MODE_block of flats,-0.042222553425428876,0.042222553425428876
CC_CNT_DRAWINGS_CURRENT_SUM,0.04220682946191943,0.04220682946191943
FLOORSMAX_AVG,-0.04216716321767642,0.04216716321767642
FLOORSMAX_MODE,-0.04196738389568011,0.04196738389568011
FLOORSMAX_MEDI,-0.04192092494429178,0.04192092494429178
HOUSETYPE_MODE_nan,0.04166172412057866,0.04166172412057866
CC_AMT_DRAWINGS_ATM_CURRENT_SUM,0.04150441093318294,0.04150441093318294
PREV_HOUR_APPR_PROCESS_START_MEAN,-0.04142087148438415,0.04142087148438415
REG_CITY_NOT_LIVE_CITY,0.040966781817743735,0.040966781817743735
PREV_APP_CREDIT_PERC_MEAN,-0.04087463021106712,0.04087463021106712
APPROVED_DAYS_DECISION_MEAN,0.04071094933499061,0.04071094933499061
WALLSMATERIAL_MODE_nan,0.04056095752763965,0.04056095752763965
PREV_NAME_YIELD_GROUP_XNA_MEAN,0.04054705784482398,0.04054705784482398
PREV_HOUR_APPR_PROCESS_START_MAX,-0.040482354608265644,0.040482354608265644
PREV_RATE_DOWN_PAYMENT_MEAN,-0.0397750579744131,0.0397750579744131
BURO_DAYS_CREDIT_VAR,-0.03975659545374717,0.03975659545374717
PREV_PRODUCT_COMBINATION_CARD STREET_MEAN,0.038543506180087825,0.038543506180087825
PREV_NAME_CONTRACT_TYPE_REVOLVING LOANS_MEAN,0.03818391085409569,0.03818391085409569
CC_AMT_BALANCE_VAR,0.03809713173731999,0.03809713173731999
PREV_NAME_PAYMENT_TYPE_XNA_MEAN,0.03803331862711455,0.03803331862711455
POS_MONTHS_BALANCE_MEAN,0.03796593040329943,0.03796593040329943
CC_AMT_RECIVABLE_VAR,0.03788270768834477,0.03788270768834477
CC_AMT_TOTAL_RECEIVABLE_VAR,0.03788209971689051,0.03788209971689051
BURO_BB_STATUS_0_MEAN_MEAN,0.037164380123937094,0.037164380123937094
CC_AMT_RECEIVABLE_PRINCIPAL_VAR,0.03712223375042453,0.03712223375042453
PREV_NAME_YIELD_GROUP_LOW_NORMAL_MEAN,-0.037014337103808755,0.037014337103808755
PREV_PRODUCT_COMBINATION_CASH X-SELL: LOW_MEAN,-0.036817893084075036,0.036817893084075036
REGION_POPULATION_RELATIVE,-0.03670184124489774,0.03670184124489774
INSTAL_DAYS_ENTRY_PAYMENT_SUM,0.03663425893838991,0.03663425893838991
BURO_CREDIT_TYPE_CREDIT CARD_MEAN,0.0365069376706354,0.0365069376706354
PREV_NAME_PAYMENT_TYPE_CASH THROUGH THE BANK_MEAN,-0.036500078517519664,0.036500078517519664
INSTAL_DAYS_INSTALMENT_SUM,0.03649055992024959,0.03649055992024959
PREV_CODE_REJECT_REASON_LIMIT_MEAN,0.03632751360879644,0.03632751360879644
OCCUPATION_TYPE_Low-skill Laborers,0.03593756864046038,0.03593756864046038
APPROVED_APP_CREDIT_PERC_MEAN,-0.03558782221931626,0.03558782221931626
PREV_CHANNEL_TYPE_AP+ (CASH LOAN)_MEAN,0.035360007936862003,0.035360007936862003
POS_MONTHS_BALANCE_SIZE,-0.03524128139976138,0.03524128139976138
POS_CASH_COUNT,-0.03524128139976138,0.03524128139976138
CC_CNT_INSTALMENT_MATURE_CUM_MIN,-0.03511319661002465,0.03511319661002465
WALLSMATERIAL_MODE_Panel,-0.035111832859217235,0.035111832859217235
AMT_GOODS_PRICE,-0.034955507892561945,0.034955507892561945
BURO_DAYS_CREDIT_ENDDATE_MAX,0.03451519103025639,0.03451519103025639
FLAG_WORK_PHONE,0.03400789475738523,0.03400789475738523
REFUSED_CNT_PAYMENT_MEAN,0.033986215688178306,0.033986215688178306
PREV_PRODUCT_COMBINATION_POS INDUSTRY WITH INTEREST_MEAN,-0.03381591174097071,0.03381591174097071
CC_CNT_INSTALMENT_MATURE_CUM_MEAN,-0.03371452400196296,0.03371452400196296
LIVE_CITY_NOT_WORK_CITY,0.03367022654224859,0.03367022654224859
ELEVATORS_AVG,-0.033552406089396795,0.033552406089396795
ELEVATORS_MEDI,-0.03349283802050277,0.03349283802050277
PREV_CNT_PAYMENT_MEAN,0.033370093931796664,0.033370093931796664
NAME_HOUSING_TYPE_With parents,0.032934965733692576,0.032934965733692576
APPROVED_APPLICATION_COUNT,-0.032760590353804374,0.032760590353804374
ORGANIZATION_TYPE_Self-employed,0.03255754454530518,0.03255754454530518
PREV_NAME_YIELD_GROUP_HIGH_MEAN,0.032504306403991184,0.032504306403991184
INSTAL_DBD_SUM,-0.03238421064422113,0.03238421064422113
PREV_AMT_ANNUITY_MEAN,-0.03226181698687912,0.03226181698687912
PREV_AMT_DOWN_PAYMENT_MAX,-0.03211877587563238,0.03211877587563238
PREV_HOUR_APPR_PROCESS_START_MIN,-0.031852626243360285,0.031852626243360285
NAME_CONTRACT_TYPE_Revolving loans,-0.031702339670117,0.031702339670117
NAME_CONTRACT_TYPE_Cash loans,0.03170233967011699,0.03170233967011699
FONDKAPREMONT_MODE_nan,0.03161773092787269,0.03161773092787269
CC_AMT_DRAWINGS_ATM_CURRENT_MAX,0.0315012664136739,0.0315012664136739
HOUR_APPR_PROCESS_START,-0.031475145890232106,0.031475145890232106
INSTAL_PAYMENT_DIFF_MEAN,0.03135434249506368,0.03135434249506368
ELEVATORS_MODE,-0.03132027173335964,0.03132027173335964
PREV_NAME_CLIENT_TYPE_REFRESHED_MEAN,-0.031194619034242622,0.031194619034242622
TOTALAREA_MODE,-0.03105738762095002,0.03105738762095002
NAME_HOUSING_TYPE_House / apartment,-0.030980907473542655,0.030980907473542655
PREV_AMT_ANNUITY_MAX,-0.030963487493453283,0.030963487493453283
OCCUPATION_TYPE_Drivers,0.03077665523364018,0.03077665523364018
PREV_PRODUCT_COMBINATION_CASH X-SELL: HIGH_MEAN,0.030770829999342515,0.030770829999342515
PREV_NAME_PORTFOLIO_CARDS_MEAN,0.03072286838944624,0.03072286838944624
DEF_30_CNT_SOCIAL_CIRCLE,0.030486329868009327,0.030486329868009327
INSTAL_PAYMENT_DIFF_SUM,0.030403840363458605,0.030403840363458605
APPROVED_AMT_APPLICATION_MAX,-0.030188976951239822,0.030188976951239822
APARTMENTS_AVG,-0.030054706051452034,0.030054706051452034
NAME_FAMILY_STATUS_Civil marriage,0.02999572518277772,0.02999572518277772
FLAG_DOCUMENT_6,-0.02999043228188971,0.02999043228188971
PREV_AMT_DOWN_PAYMENT_MEAN,-0.029662072215820023,0.029662072215820023
LIVINGAREA_AVG,-0.02908248172470337,0.02908248172470337
APARTMENTS_MEDI,-0.028984928016943107,0.028984928016943107
PREV_PRODUCT_COMBINATION_CASH STREET: HIGH_MEAN,0.028949297277691497,0.028949297277691497
PREV_NAME_PORTFOLIO_POS_MEAN,-0.028877317696464923,0.028877317696464923
CC_CNT_DRAWINGS_POS_CURRENT_SUM,0.02871546017884873,0.02871546017884873
FLOORSMIN_AVG,-0.02854721638168387,0.02854721638168387
LIVINGAREA_MEDI,-0.028350673193864778,0.028350673193864778
PREV_NAME_GOODS_CATEGORY_FURNITURE_MEAN,-0.028288461888055543,0.028288461888055543
PREV_NAME_SELLER_INDUSTRY_FURNITURE_MEAN,-0.028215606308783128,0.028215606308783128
FLOORSMIN_MEDI,-0.028168351061530865,0.028168351061530865
PREV_NAME_TYPE_SUITE_NAN_MEAN,0.028107281508369934,0.028107281508369934
OWN_CAR_AGE,0.02804750626171272,0.02804750626171272
NAME_FAMILY_STATUS_Married,-0.02799057320316121,0.02799057320316121
DEF_60_CNT_SOCIAL_CIRCLE,0.02775718885618388,0.02775718885618388
POS_CNT_INSTALMENT_FUTURE_MEAN,0.027723102264318223,0.027723102264318223
LIVINGAPARTMENTS_AVG,-0.027575521301943233,0.027575521301943233
BURO_CREDIT_TYPE_CONSUMER CREDIT_MEAN,-0.027533259467512797,0.027533259467512797
PREV_NAME_PORTFOLIO_XNA_MEAN,0.02741350497073174,0.02741350497073174
PREV_NAME_GOODS_CATEGORY_CLOTHING AND ACCESSORIES_MEAN,-0.027372504525136034,0.027372504525136034
LIVINGAPARTMENTS_MEDI,-0.02726444727836934,0.02726444727836934
APARTMENTS_MODE,-0.027218799594280793,0.027218799594280793
CC_CNT_DRAWINGS_CURRENT_MIN,0.027102463690312856,0.027102463690312856
APPROVED_AMT_APPLICATION_MEAN,-0.027066630580946046,0.027066630580946046
PREV_NAME_GOODS_CATEGORY_XNA_MEAN,0.026922489708580355,0.026922489708580355
FLAG_PHONE,-0.026889729640100394,0.026889729640100394
REFUSED_APP_CREDIT_PERC_MEAN,-0.02683677104709165,0.02683677104709165
NAME_FAMILY_STATUS_Single / not married,0.026666291505534827,0.026666291505534827
PREV_NAME_SELLER_INDUSTRY_CLOTHING_MEAN,-0.026664581021662526,0.026664581021662526
PREV_CNT_PAYMENT_SUM,0.026467139491751373,0.026467139491751373
APPROVED_AMT_CREDIT_MAX,-0.026397549499942084,0.026397549499942084
PREV_NAME_CONTRACT_TYPE_CONSUMER LOANS_MEAN,-0.02638906941114729,0.02638906941114729
CC_MONTHS_BALANCE_MAX,0.02638132588309293,0.02638132588309293
FLOORSMIN_MODE,-0.026316414784355306,0.026316414784355306
LIVINGAREA_MODE,-0.026314164500139823,0.026314164500139823
INSTAL_AMT_PAYMENT_SUM,-0.026011557539338825,0.026011557539338825
NAME_FAMILY_STATUS_Widow,-0.02587801786679213,0.02587801786679213
PREV_NAME_CLIENT_TYPE_NEW_MEAN,0.02582581945710469,0.02582581945710469
AMT_CREDIT,-0.025434685873782736,0.025434685873782736
FONDKAPREMONT_MODE_reg oper account,-0.025269359736606524,0.025269359736606524
PREV_PRODUCT_COMBINATION_POS INDUSTRY WITHOUT INTEREST_MEAN,-0.025086924615688348,0.025086924615688348
CC_AMT_DRAWINGS_POS_CURRENT_MAX,-0.024986635547282633,0.024986635547282633
PREV_AMT_ANNUITY_MIN,-0.02488802152765552,0.02488802152765552
LIVINGAPARTMENTS_MODE,-0.024461455110364693,0.024461455110364693
INSTAL_AMT_PAYMENT_MEAN,-0.02428674066263557,0.02428674066263557
CC_CNT_DRAWINGS_ATM_CURRENT_MIN,0.02404412663366133,0.02404412663366133
INSTAL_COUNT,-0.023796449074422618,0.023796449074422618
NAME_INCOME_TYPE_State servant,-0.0236795963800945,0.0236795963800945
PREV_NAME_YIELD_GROUP_LOW_ACTION_MEAN,-0.023654233155715087,0.023654233155715087
BURO_CREDIT_TYPE_MORTGAGE_MEAN,-0.02327539910630563,0.02327539910630563
CC_AMT_PAYMENT_CURRENT_MIN,0.02313929335370092,0.02313929335370092
BURO_BB_MONTHS_BALANCE_MAX_MEAN,0.02313596926426235,0.02313596926426235
CC_NAME_CONTRACT_STATUS_COMPLETED_MEAN,-0.023059633239153284,0.023059633239153284
INSTAL_AMT_PAYMENT_MIN,-0.023016032090388803,0.023016032090388803
PREV_PRODUCT_COMBINATION_CASH X-SELL: MIDDLE_MEAN,-0.022526218290969492,0.022526218290969492
CC_NAME_CONTRACT_STATUS_ACTIVE_MEAN,0.02249972719822283,0.02249972719822283
CC_CNT_INSTALMENT_MATURE_CUM_VAR,-0.02239671328237246,0.02239671328237246
PREV_NAME_SELLER_INDUSTRY_XNA_MEAN,0.022341232543385454,0.022341232543385454
BURO_CREDIT_TYPE_CAR LOAN_MEAN,-0.02195639137890626,0.02195639137890626
APPROVED_AMT_CREDIT_MEAN,-0.021868044713713345,0.021868044713713345
PREV_CHANNEL_TYPE_STONE_MEAN,-0.02179372359624093,0.02179372359624093
PREV_NAME_CASH_LOAN_PURPOSE_REPAIRS_MEAN,0.021292820741750672,0.021292820741750672
PREV_AMT_APPLICATION_MIN,-0.021284134966294714,0.021284134966294714
ORGANIZATION_TYPE_Construction,0.02102918511604288,0.02102918511604288
INSTAL_AMT_INSTALMENT_SUM,-0.020824470415014833,0.020824470415014833
PREV_NAME_TYPE_SUITE_FAMILY_MEAN,-0.020754907696572414,0.020754907696572414
POS_CNT_INSTALMENT_MEAN,0.020359863703254218,0.020359863703254218
PREV_NAME_SELLER_INDUSTRY_CONNECTIVITY_MEAN,0.020285377196176676,0.020285377196176676
OCCUPATION_TYPE_Core staff,-0.020185101051448905,0.020185101051448905
BURO_BB_STATUS_3_MEAN_MEAN,0.020137307784879283,0.020137307784879283
CC_CNT_INSTALMENT_MATURE_CUM_MAX,-0.020033669943756306,0.020033669943756306
COMMONAREA_AVG,-0.020021033080325584,0.020021033080325584
YEARS_BUILD_AVG,-0.01999814603631903,0.01999814603631903
BASEMENTAREA_AVG,-0.019967821989368948,0.019967821989368948
COMMONAREA_MEDI,-0.019898785021208294,0.019898785021208294
CC_AMT_DRAWINGS_POS_CURRENT_VAR,-0.019885348573398905,0.019885348573398905
YEARS_BUILD_MEDI,-0.01982831930401093,0.01982831930401093
PREV_PRODUCT_COMBINATION_CASH STREET: MIDDLE_MEAN,0.01975492397698743,0.01975492397698743
BASEMENTAREA_MEDI,-0.019615512254029858,0.019615512254029858
PREV_NAME_PRODUCT_TYPE_X-SELL_MEAN,-0.019542464397139744,0.019542464397139744
CC_AMT_BALANCE_SUM,0.01949289178672761,0.01949289178672761
CC_AMT_RECEIVABLE_PRINCIPAL_SUM,0.019389777395670153,0.019389777395670153
OCCUPATION_TYPE_Managers,-0.01935149511394797,0.01935149511394797
YEARS_BUILD_MODE,-0.019242013857125293,0.019242013857125293
PREV_AMT_APPLICATION_MEAN,-0.019219012953193327,0.019219012953193327
CC_AMT_PAYMENT_TOTAL_CURRENT_MAX,0.019161299206725574,0.019161299206725574
PREV_PRODUCT_COMBINATION_POS MOBILE WITH INTEREST_MEAN,0.019144443273882244,0.019144443273882244
ENTRANCES_MEDI,-0.019105878828999053,0.019105878828999053
CC_AMT_RECIVABLE_SUM,0.019092925111572276,0.019092925111572276
CC_AMT_TOTAL_RECEIVABLE_SUM,0.01908735112591969,0.01908735112591969
ENTRANCES_AVG,-0.01903836095563593,0.01903836095563593
CC_AMT_DRAWINGS_ATM_CURRENT_VAR,0.01897947687741252,0.01897947687741252
INSTAL_AMT_INSTALMENT_MEAN,-0.018935906668669546,0.018935906668669546
AMT_REQ_CREDIT_BUREAU_YEAR,0.018877474440313395,0.018877474440313395
PREV_APP_CREDIT_PERC_VAR,-0.018343566674587274,0.018343566674587274
CC_SK_DPD_DEF_MEAN,0.01831531284229851,0.01831531284229851
BURO_AMT_CREDIT_SUM_SUM,-0.018069192907736634,0.018069192907736634
ORGANIZATION_TYPE_Business Entity Type 3,0.017993872129201508,0.017993872129201508
PREV_AMT_DOWN_PAYMENT_MIN,-0.01790087532946736,0.01790087532946736
OCCUPATION_TYPE_Security staff,0.017605150472775284,0.017605150472775284
COMMONAREA_MODE,-0.017562539937219956,0.017562539937219956
BURO_AMT_CREDIT_SUM_MAX,-0.017461670887450816,0.017461670887450816
PREV_AMT_CREDIT_MIN,-0.017407689999140857,0.017407689999140857
REFUSED_AMT_APPLICATION_MEAN,-0.017406457274617097,0.017406457274617097
BASEMENTAREA_MODE,-0.017397272192289634,0.017397272192289634
PREV_RATE_DOWN_PAYMENT_MIN,-0.017383580940631065,0.017383580940631065
CNT_CHILDREN,0.017376777571150505,0.017376777571150505
CC_CNT_DRAWINGS_OTHER_CURRENT_MAX,-0.01715184793018048,0.01715184793018048
INSTAL_PAYMENT_DIFF_MAX,0.017121675210933135,0.017121675210933135
PREV_NAME_GOODS_CATEGORY_CONSUMER ELECTRONICS_MEAN,-0.016848286624172783,0.016848286624172783
CC_AMT_DRAWINGS_CURRENT_SUM,0.016739848752526237,0.016739848752526237
OCCUPATION_TYPE_Sales staff,0.016713829462056608,0.016713829462056608
NAME_INCOME_TYPE_Unemployed,0.016625517822506226,0.016625517822506226
PREV_NAME_YIELD_GROUP_MIDDLE_MEAN,-0.016591308563197408,0.016591308563197408
OCCUPATION_TYPE_High skill tech staff,-0.016237462012381666,0.016237462012381666
ENTRANCES_MODE,-0.01616930891499214,0.01616930891499214
BURO_AMT_CREDIT_SUM_MEAN,-0.016070505649421047,0.016070505649421047
CC_AMT_DRAWINGS_CURRENT_VAR,0.016027735486509022,0.016027735486509022
PREV_NAME_PRODUCT_TYPE_XNA_MEAN,-0.015990025263341437,0.015990025263341437
PREV_NAME_CASH_LOAN_PURPOSE_URGENT NEEDS_MEAN,0.015979240350021278,0.015979240350021278
ORGANIZATION_TYPE_Industry: type 3,0.015972479155600544,0.015972479155600544
INSTAL_DBD_MEAN,-0.015906419349118916,0.015906419349118916
ORGANIZATION_TYPE_Police,-0.01571284160005053,0.01571284160005053
NAME_HOUSING_TYPE_Rented apartment,0.015537654027801516,0.015537654027801516
ORGANIZATION_TYPE_Transport: type 3,0.015524127239662976,0.015524127239662976
CC_NAME_CONTRACT_STATUS_SENT PROPOSAL_MEAN,-0.015481859272729846,0.015481859272729846
PREV_AMT_GOODS_PRICE_MAX,-0.015404192723119414,0.015404192723119414
ORGANIZATION_TYPE_Industry: type 13,0.015364105223695497,0.015364105223695497
FLAG_OWN_CAR_N,0.015360449748768204,0.015360449748768204
FLAG_OWN_CAR_Y,-0.015360449748768178,0.015360449748768178
ORGANIZATION_TYPE_Medicine,-0.015323257900648382,0.015323257900648382
PREV_AMT_GOODS_PRICE_MIN,-0.015318648996169307,0.015318648996169307
PREV_AMT_APPLICATION_MAX,-0.0153082925972025,0.0153082925972025
POS_NAME_CONTRACT_STATUS_RETURNED TO THE STORE_MEAN,0.015229286820031662,0.015229286820031662
OCCUPATION_TYPE_Accountants,-0.015197288095928099,0.015197288095928099
APPROVED_CNT_PAYMENT_MEAN,0.01514590893592692,0.01514590893592692
CC_AMT_CREDIT_LIMIT_ACTUAL_VAR,-0.014717934794954332,0.014717934794954332
AMT_ANNUITY,-0.014686153339813653,0.014686153339813653
PREV_NAME_GOODS_CATEGORY_CONSTRUCTION MATERIALS_MEAN,-0.014618627492231239,0.014618627492231239
BURO_AMT_CREDIT_SUM_OVERDUE_MEAN,0.014485509722167965,0.014485509722167965
PREV_PRODUCT_COMBINATION_CASH_MEAN,0.014291127636144402,0.014291127636144402
AMT_REQ_CREDIT_BUREAU_MON,-0.01408786611521106,0.01408786611521106
CC_AMT_DRAWINGS_POS_CURRENT_MEAN,-0.013895001415901142,0.013895001415901142
FLAG_DOCUMENT_21,0.013683972635473645,0.013683972635473645
PREV_AMT_GOODS_PRICE_MEAN,-0.013607636461059934,0.013607636461059934
ORGANIZATION_TYPE_Bank,-0.013577570142252601,0.013577570142252601
ORGANIZATION_TYPE_School,-0.01353371103806024,0.01353371103806024
ORGANIZATION_TYPE_Trade: type 7,0.013487916896661884,0.013487916896661884
INSTAL_NUM_INSTALMENT_VERSION_NUNIQUE,-0.013451434674326431,0.013451434674326431
PREV_CHANNEL_TYPE_CONTACT CENTER_MEAN,0.013252249911732938,0.013252249911732938
PREV_NAME_CASH_LOAN_PURPOSE_OTHER_MEAN,0.013232635325804867,0.013232635325804867
PREV_DAYS_DECISION_MAX,0.013084420388996588,0.013084420388996588
OCCUPATION_TYPE_Cooking staff,0.013056854483321872,0.013056854483321872
REFUSED_AMT_CREDIT_MEAN,-0.013052727753006784,0.013052727753006784
INSTAL_DPD_MEAN,0.013005766378187362,0.013005766378187362
PREV_APPLICATION_COUNT,0.01294527436488121,0.01294527436488121
PREV_NAME_CASH_LOAN_PURPOSE_MEDICINE_MEAN,0.012831866790605731,0.012831866790605731
PREV_NAME_CONTRACT_STATUS_CANCELED_MEAN,0.012719361550074562,0.012719361550074562
PREV_AMT_CREDIT_MEAN,-0.01268884409726083,0.01268884409726083
PREV_NAME_SELLER_INDUSTRY_CONSTRUCTION_MEAN,-0.012653957398715365,0.012653957398715365
PREV_NAME_TYPE_SUITE_UNACCOMPANIED_MEAN,-0.012565976426570511,0.012565976426570511
REG_REGION_NOT_WORK_REGION,0.012457294177283832,0.012457294177283832
PREV_NAME_CASH_LOAN_PURPOSE_CAR REPAIRS_MEAN,0.01230380558973087,0.01230380558973087
PREV_NAME_TYPE_SUITE_CHILDREN_MEAN,-0.012263925010707616,0.012263925010707616
POS_CNT_INSTALMENT_SUM,-0.012238482433166224,0.012238482433166224
WEEKDAY_APPR_PROCESS_START_TUESDAY,0.012102546452875843,0.012102546452875843
BURO_BB_STATUS_2_MEAN_MEAN,0.012093915725291692,0.012093915725291692
PREV_NAME_GOODS_CATEGORY_MOBILE_MEAN,0.011949192116305461,0.011949192116305461
FLAG_DOCUMENT_13,-0.01192730844227386,0.01192730844227386
INSTAL_NUM_INSTALMENT_NUMBER_MEAN,-0.01186515032409504,0.01186515032409504
CC_AMT_DRAWINGS_CURRENT_MIN,0.011725980395998424,0.011725980395998424
FONDKAPREMONT_MODE_org spec account,-0.011657275172486223,0.011657275172486223
PREV_PRODUCT_COMBINATION_CARD X-SELL_MEAN,0.011636969078775488,0.011636969078775488
PREV_APP_CREDIT_PERC_MIN,-0.011597812845005112,0.011597812845005112
PREV_PRODUCT_COMBINATION_POS HOUSEHOLD WITHOUT INTEREST_MEAN,-0.011559023304954324,0.011559023304954324
ORGANIZATION_TYPE_Security,0.011553026126394415,0.011553026126394415
PREV_NAME_SELLER_INDUSTRY_CONSUMER ELECTRONICS_MEAN,-0.011548122978753371,0.011548122978753371
AMT_INCOME_TOTAL,0.011543970527508442,0.011543970527508442
CC_AMT_DRAWINGS_POS_CURRENT_SUM,-0.011492934290172235,0.011492934290172235
PREV_NAME_CASH_LOAN_PURPOSE_REFUSAL TO NAME THE GOAL_MEAN,0.011460632477798254,0.011460632477798254
ORGANIZATION_TYPE_Industry: type 1,0.011347406875383983,0.011347406875383983
INCOME_CREDIT_PERC,0.01130416519524185,0.01130416519524185
FLAG_DOCUMENT_18,-0.011242765888314268,0.011242765888314268
PREV_PRODUCT_COMBINATION_POS MOBILE WITHOUT INTEREST_MEAN,-0.011229824938932785,0.011229824938932785
CC_CNT_DRAWINGS_OTHER_CURRENT_SUM,-0.011121194736701904,0.011121194736701904
CC_AMT_PAYMENT_TOTAL_CURRENT_MEAN,0.011042511144517075,0.011042511144517075
CC_AMT_PAYMENT_TOTAL_CURRENT_SUM,-0.010943579459265275,0.010943579459265275
ORGANIZATION_TYPE_Restaurant,0.01090890225967276,0.01090890225967276
BURO_BB_STATUS_4_MEAN_MEAN,0.01087410296374956,0.01087410296374956
ORGANIZATION_TYPE_Services,-0.010857967125828621,0.010857967125828621
INSTAL_DPD_SUM,0.010752555651048575,0.010752555651048575
CC_AMT_DRAWINGS_ATM_CURRENT_MIN,0.01060161129395346,0.01060161129395346
ORGANIZATION_TYPE_Kindergarten,-0.010520474460933198,0.010520474460933198
INSTAL_PAYMENT_DIFF_VAR,-0.010509895232032223,0.010509895232032223
OCCUPATION_TYPE_Medicine staff,-0.010431958037203315,0.010431958037203315
BURO_CREDIT_ACTIVE_SOLD_MEAN,0.010333995533101971,0.010333995533101971
CC_AMT_PAYMENT_CURRENT_SUM,-0.010273840172946604,0.010273840172946604
YEARS_BEGINEXPLUATATION_MEDI,-0.010268009088550094,0.010268009088550094
PREV_AMT_CREDIT_MAX,-0.01023703245482871,0.01023703245482871
CC_SK_DPD_VAR,-0.01019083029811343,0.01019083029811343
NONLIVINGAREA_AVG,-0.0101679826298467,0.0101679826298467
PREV_NAME_CASH_LOAN_PURPOSE_GASIFICATION / WATER SUPPLY_MEAN,0.010165168652329434,0.010165168652329434
LANDAREA_AVG,-0.010038539806802032,0.010038539806802032
FLAG_DOCUMENT_16,-0.009952188611058232,0.009952188611058232
NONLIVINGAREA_MEDI,-0.009902525877201597,0.009902525877201597
CC_AMT_DRAWINGS_POS_CURRENT_MIN,-0.009866543238220737,0.009866543238220737
LANDAREA_MEDI,-0.009816152815543648,0.009816152815543648
"WALLSMATERIAL_MODE_Stone, brick",-0.00979328453920831,0.00979328453920831
PREV_NAME_GOODS_CATEGORY_MEDICAL SUPPLIES_MEAN,-0.009790649300890937,0.009790649300890937
WALLSMATERIAL_MODE_Monolithic,-0.009781425850903405,0.009781425850903405
CC_SK_DPD_SUM,-0.009767503555422654,0.009767503555422654
FLAG_DOCUMENT_15,-0.009763142158578141,0.009763142158578141
NAME_EDUCATION_TYPE_Lower secondary,0.009671340577338395,0.009671340577338395
PREV_NAME_CASH_LOAN_PURPOSE_BUYING A NEW CAR_MEAN,0.009632763582343044,0.009632763582343044
OCCUPATION_TYPE_Waiters/barmen staff,0.009499082435192232,0.009499082435192232
YEARS_BEGINEXPLUATATION_AVG,-0.009493432758843557,0.009493432758843557
FLAG_DOCUMENT_14,-0.009432254645663525,0.009432254645663525
CC_SK_DPD_MAX,-0.009357049825230817,0.009357049825230817
WALLSMATERIAL_MODE_Block,-0.009349542184567032,0.009349542184567032
FLAG_DOCUMENT_8,-0.009275132285551626,0.009275132285551626
INCOME_PER_PERSON,0.009247050386177555,0.009247050386177555
CC_CNT_DRAWINGS_OTHER_CURRENT_MEAN,-0.009245781130147401,0.009245781130147401
ORGANIZATION_TYPE_Trade: type 3,0.009096675146501308,0.009096675146501308
INSTAL_DBD_MAX,-0.009061076237418855,0.009061076237418855
PREV_NAME_GOODS_CATEGORY_VEHICLES_MEAN,0.008955760467329928,0.008955760467329928
NONLIVINGAREA_MODE,-0.008858956219932419,0.008858956219932419
PREV_NAME_SELLER_INDUSTRY_INDUSTRY_MEAN,-0.008858750588923638,0.008858750588923638
CNT_FAM_MEMBERS,0.008824037701124424,0.008824037701124424
NAME_TYPE_SUITE_nan,-0.008727992079928509,0.008727992079928509
ORGANIZATION_TYPE_University,-0.008594637370836227,0.008594637370836227
CC_AMT_DRAWINGS_OTHER_CURRENT_VAR,0.008568363440402155,0.008568363440402155
PREV_NAME_CONTRACT_TYPE_CASH LOANS_MEAN,0.008522310911401838,0.008522310911401838
PREV_NAME_CASH_LOAN_PURPOSE_XAP_MEAN,-0.008522310911401702,0.008522310911401702
BURO_AMT_CREDIT_SUM_DEBT_SUM,0.008502119151774484,0.008502119151774484
ORGANIZATION_TYPE_Insurance,-0.008370300159983074,0.008370300159983074
PREV_CHANNEL_TYPE_CHANNEL OF CORPORATE SALES_MEAN,-0.0083678572131779,0.0083678572131779
PREV_NAME_TYPE_SUITE_OTHER_A_MEAN,0.008356534340718098,0.008356534340718098
CC_CNT_DRAWINGS_OTHER_CURRENT_VAR,-0.00833807683634387,0.00833807683634387
NAME_TYPE_SUITE_Unaccompanied,0.008220801163669586,0.008220801163669586
POS_SK_DPD_DEF_MAX,0.008204688938176065,0.008204688938176065
NAME_INCOME_TYPE_Commercial associate,-0.008159069412604207,0.008159069412604207
PREV_NAME_CASH_LOAN_PURPOSE_BUYING A USED CAR_MEAN,0.007990451736000733,0.007990451736000733
LANDAREA_MODE,-0.007981925005898945,0.007981925005898945
PREV_WEEKDAY_APPR_PROCESS_START_SATURDAY_MEAN,-0.007924480635499942,0.007924480635499942
PREV_NAME_SELLER_INDUSTRY_TOURISM_MEAN,-0.007892880064966063,0.007892880064966063
FONDKAPREMONT_MODE_reg oper spec account,-0.007874400104267454,0.007874400104267454
ORGANIZATION_TYPE_Transport: type 4,0.007874177636155366,0.007874177636155366
ORGANIZATION_TYPE_Transport: type 1,-0.007858581577667632,0.007858581577667632
ORGANIZATION_TYPE_Trade: type 6,-0.007684644774652031,0.007684644774652031
CC_AMT_CREDIT_LIMIT_ACTUAL_MAX,-0.0076452293934057055,0.0076452293934057055
PREV_NAME_CASH_LOAN_PURPOSE_EDUCATION_MEAN,0.0075483351029727985,0.0075483351029727985
FLAG_DOCUMENT_19,-0.007514015649344771,0.007514015649344771
WEEKDAY_APPR_PROCESS_START_SATURDAY,-0.0074702621829406774,0.0074702621829406774
CC_SK_DPD_MEAN,-0.007430373958295146,0.007430373958295146
NAME_TYPE_SUITE_Family,-0.007368153966133234,0.007368153966133234
CC_AMT_PAYMENT_CURRENT_MAX,-0.0073417455987401644,0.0073417455987401644
NAME_TYPE_SUITE_Other_B,0.007276820549864629,0.007276820549864629
CC_AMT_DRAWINGS_OTHER_CURRENT_SUM,0.007207334473786093,0.007207334473786093
PREV_CHANNEL_TYPE_CREDIT AND CASH OFFICES_MEAN,0.007194636799310042,0.007194636799310042
PREV_CODE_REJECT_REASON_SCO_MEAN,0.007167398523451625,0.007167398523451625
FLAG_DOCUMENT_2,0.00716274856316546,0.00716274856316546
PREV_WEEKDAY_APPR_PROCESS_START_SUNDAY_MEAN,-0.007152746139408948,0.007152746139408948
ORGANIZATION_TYPE_Industry: type 12,-0.007088944713479483,0.007088944713479483
POS_NAME_CONTRACT_STATUS_SIGNED_MEAN,0.007015724219977038,0.007015724219977038
CC_AMT_CREDIT_LIMIT_ACTUAL_MIN,0.006926351634669963,0.006926351634669963
BURO_CREDIT_TYPE_UNKNOWN TYPE OF LOAN_MEAN,-0.006880549207152535,0.006880549207152535
CC_AMT_INST_MIN_REGULARITY_MIN,-0.006877541522678213,0.006877541522678213
PREV_NAME_CASH_LOAN_PURPOSE_PAYMENTS ON OTHER LOANS_MEAN,0.006820498144052748,0.006820498144052748
AMT_REQ_CREDIT_BUREAU_DAY,0.006793549594319603,0.006793549594319603
LIVE_REGION_NOT_WORK_REGION,0.006668376595664655,0.006668376595664655
POS_SK_DPD_DEF_MEAN,0.006627493057755683,0.006627493057755683
YEARS_BEGINEXPLUATATION_MODE,-0.006626724193470506,0.006626724193470506
NAME_HOUSING_TYPE_Municipal apartment,0.006512363592312636,0.006512363592312636
WALLSMATERIAL_MODE_Wooden,0.0065111872068234124,0.0065111872068234124
CC_CNT_DRAWINGS_POS_CURRENT_MIN,0.006378998592186961,0.006378998592186961
PREV_NAME_CLIENT_TYPE_REPEATER_MEAN,-0.006363836009070243,0.006363836009070243
ORGANIZATION_TYPE_Telecom,-0.006325579417215583,0.006325579417215583
INSTAL_DPD_MAX,0.0062700283372603876,0.0062700283372603876
INSTAL_NUM_INSTALMENT_NUMBER_MAX,0.0062687061475775584,0.0062687061475775584
CC_SK_DPD_DEF_SUM,-0.006248492841185006,0.006248492841185006
REG_REGION_NOT_LIVE_REGION,0.0062373372121934815,0.0062373372121934815
PREV_NAME_GOODS_CATEGORY_DIRECT SALES_MEAN,0.006234186943574296,0.006234186943574296
WEEKDAY_APPR_PROCESS_START_THURSDAY,-0.0061572043730693336,0.0061572043730693336
NONLIVINGAPARTMENTS_MEDI,-0.006128141961696366,0.006128141961696366
PREV_NAME_CONTRACT_TYPE_XNA_MEAN,0.006021436887889539,0.006021436887889539
PREV_PRODUCT_COMBINATION_NAN_MEAN,0.006021436887889539,0.006021436887889539
AMT_REQ_CREDIT_BUREAU_QRT,-0.005993323145349459,0.005993323145349459
PREV_NAME_SELLER_INDUSTRY_AUTO TECHNOLOGY_MEAN,0.00595557036290858,0.00595557036290858
PREV_NAME_SELLER_INDUSTRY_MLM PARTNERS_MEAN,-0.005953889339242093,0.005953889339242093
FONDKAPREMONT_MODE_not specified,-0.005929370352419148,0.005929370352419148
PREV_NAME_GOODS_CATEGORY_TOURISM_MEAN,-0.005924831360586195,0.005924831360586195
PREV_CODE_REJECT_REASON_VERIF_MEAN,-0.005899878339370503,0.005899878339370503
CC_AMT_DRAWINGS_OTHER_CURRENT_MEAN,0.0058095105888227635,0.0058095105888227635
FLAG_CONT_MOBILE,0.005800078678688155,0.005800078678688155
OCCUPATION_TYPE_Private service staff,-0.005774514278688692,0.005774514278688692
PREV_NAME_PAYMENT_TYPE_NON-CASH FROM YOUR ACCOUNT_MEAN,-0.005692494249308362,0.005692494249308362
BURO_BB_STATUS_5_MEAN_MEAN,0.005689778775550767,0.005689778775550767
ANNUITY_INCOME_PERC,0.005474271994250131,0.005474271994250131
OCCUPATION_TYPE_HR staff,-0.005407529942727784,0.005407529942727784
FLAG_DOCUMENT_9,-0.0053566471924641895,0.0053566471924641895
ORGANIZATION_TYPE_Realtor,0.005355075120405675,0.005355075120405675
PREV_NAME_GOODS_CATEGORY_GARDENING_MEAN,-0.005341109690596796,0.005341109690596796
PREV_CHANNEL_TYPE_COUNTRY-WIDE_MEAN,-0.0052733949614049425,0.0052733949614049425
PREV_PRODUCT_COMBINATION_CASH STREET: LOW_MEAN,-0.005260152338103729,0.005260152338103729
PREV_NAME_GOODS_CATEGORY_AUTO ACCESSORIES_MEAN,0.0052447753671039194,0.0052447753671039194
INSTAL_DAYS_INSTALMENT_MAX,-0.005161586596597469,0.005161586596597469
FLAG_DOCUMENT_20,-0.005087279402660473,0.005087279402660473
PREV_NAME_GOODS_CATEGORY_FITNESS_MEAN,-0.005083667726411121,0.005083667726411121
PREV_NAME_GOODS_CATEGORY_OTHER_MEAN,-0.005062783762816131,0.005062783762816131
NONLIVINGAPARTMENTS_AVG,-0.00504303944233523,0.00504303944233523
CC_AMT_PAYMENT_TOTAL_CURRENT_VAR,0.005017106091342226,0.005017106091342226
NAME_EDUCATION_TYPE_Academic degree,-0.004933691913649916,0.004933691913649916
PREV_NAME_GOODS_CATEGORY_SPORT AND LEISURE_MEAN,0.004903691630051255,0.004903691630051255
PREV_WEEKDAY_APPR_PROCESS_START_WEDNESDAY_MEAN,0.00476568515641366,0.00476568515641366
CC_AMT_PAYMENT_CURRENT_VAR,-0.00475207581670147,0.00475207581670147
PREV_NAME_CASH_LOAN_PURPOSE_JOURNEY_MEAN,-0.004738140768126253,0.004738140768126253
PREV_NAME_GOODS_CATEGORY_MEDICINE_MEAN,-0.0047318639082839144,0.0047318639082839144
CC_CNT_DRAWINGS_OTHER_CURRENT_MIN,-0.004698945859149847,0.004698945859149847
ORGANIZATION_TYPE_Postal,-0.004644909725357867,0.004644909725357867
FLAG_DOCUMENT_11,-0.004634343803583597,0.004634343803583597
ORGANIZATION_TYPE_Trade: type 4,-0.004600455476823395,0.004600455476823395
PREV_NAME_GOODS_CATEGORY_COMPUTERS_MEAN,0.004599902033840672,0.004599902033840672
ORGANIZATION_TYPE_Hotel,-0.004599281766472642,0.004599281766472642
ORGANIZATION_TYPE_Transport: type 2,0.004597321353229718,0.004597321353229718
WEEKDAY_APPR_PROCESS_START_SUNDAY,0.004591077680108444,0.004591077680108444
PREV_NAME_CONTRACT_STATUS_UNUSED OFFER_MEAN,0.004472043057575807,0.004472043057575807
PREV_CODE_REJECT_REASON_CLIENT_MEAN,0.004472043057575807,0.004472043057575807
FLAG_DOCUMENT_17,-0.0044045567256164875,0.0044045567256164875
ORGANIZATION_TYPE_Industry: type 6,-0.004404556725616417,0.004404556725616417
FLAG_OWN_REALTY_Y,-0.004403739593024284,0.004403739593024284
FLAG_OWN_REALTY_N,0.0044037395930242315,0.0044037395930242315
INSTAL_DAYS_ENTRY_PAYMENT_MAX,-0.004271052570274534,0.004271052570274534
POS_MONTHS_BALANCE_MAX,-0.004247056954558163,0.004247056954558163
BURO_CREDIT_CURRENCY_CURRENCY 3_MEAN,-0.004245101616103548,0.004245101616103548
PREV_PRODUCT_COMBINATION_POS HOUSEHOLD WITH INTEREST_MEAN,-0.004231631234824294,0.004231631234824294
FLAG_DOCUMENT_7,-0.004199538055673798,0.004199538055673798
BURO_CREDIT_TYPE_LOAN FOR WORKING CAPITAL REPLENISHMENT_MEAN,-0.004190770465009375,0.004190770465009375
ORGANIZATION_TYPE_Industry: type 2,-0.004184272975881179,0.004184272975881179
BURO_CREDIT_TYPE_LOAN FOR BUSINESS DEVELOPMENT_MEAN,-0.004134320909703946,0.004134320909703946
ORGANIZATION_TYPE_Security Ministries,-0.004126137993562252,0.004126137993562252
PREV_PRODUCT_COMBINATION_POS OTHERS WITHOUT INTEREST_MEAN,-0.004123705372943294,0.004123705372943294
ORGANIZATION_TYPE_Culture,-0.004078161631042412,0.004078161631042412
POS_SK_DPD_MEAN,0.004058708730836357,0.004058708730836357
PREV_NAME_CLIENT_TYPE_XNA_MEAN,0.004029399676965953,0.004029399676965953
CC_AMT_DRAWINGS_OTHER_CURRENT_MAX,0.003935875062454816,0.003935875062454816
WALLSMATERIAL_MODE_Others,-0.003838394608383941,0.003838394608383941
POS_CNT_INSTALMENT_FUTURE_SUM,-0.003835340848510197,0.003835340848510197
CC_AMT_DRAWINGS_OTHER_CURRENT_MIN,-0.0037514119672928275,0.0037514119672928275
NONLIVINGAPARTMENTS_MODE,-0.003705312373134493,0.003705312373134493
ORGANIZATION_TYPE_Trade: type 2,0.0036640849901040094,0.0036640849901040094
NAME_FAMILY_STATUS_Separated,0.0036595557758894257,0.0036595557758894257
PREV_CHANNEL_TYPE_CAR DEALER_MEAN,-0.0036324634894247722,0.0036324634894247722
POS_NAME_CONTRACT_STATUS_ACTIVE_MEAN,-0.003587081222099681,0.003587081222099681
NAME_TYPE_SUITE_Children,-0.0035812176734642417,0.0035812176734642417
BURO_CREDIT_TYPE_ANOTHER TYPE OF LOAN_MEAN,-0.0035402245964399484,0.0035402245964399484
ORGANIZATION_TYPE_Trade: type 1,-0.003514731902339899,0.003514731902339899
PREV_WEEKDAY_APPR_PROCESS_START_THURSDAY_MEAN,0.0035101354997502327,0.0035101354997502327
ORGANIZATION_TYPE_Emergency,-0.0034805969680324535,0.0034805969680324535
PREV_NAME_CASH_LOAN_PURPOSE_BUSINESS DEVELOPMENT_MEAN,-0.0034406812191031897,0.0034406812191031897
PREV_NAME_CASH_LOAN_PURPOSE_XNA_MEAN,-0.003431797725207019,0.003431797725207019
PREV_NAME_CASH_LOAN_PURPOSE_HOBBY_MEAN,0.0033995869047558818,0.0033995869047558818
EMERGENCYSTATE_MODE_Yes,0.003397693612737408,0.003397693612737408
WEEKDAY_APPR_PROCESS_START_MONDAY,-0.003371909687671158,0.003371909687671158
PREV_NAME_GOODS_CATEGORY_OFFICE APPLIANCES_MEAN,0.003361062491646779,0.003361062491646779
REFUSED_AMT_APPLICATION_MAX,-0.003333402305909054,0.003333402305909054
ORGANIZATION_TYPE_Industry: type 4,0.003313463665548276,0.003313463665548276
PREV_NAME_SELLER_INDUSTRY_JEWELRY_MEAN,0.0032952871385413724,0.0032952871385413724
PREV_NAME_CASH_LOAN_PURPOSE_BUYING A GARAGE_MEAN,-0.0032704905501405976,0.0032704905501405976
NAME_INCOME_TYPE_Student,-0.0032528180541310436,0.0032528180541310436
NAME_TYPE_SUITE_Other_A,-0.003249719759574095,0.003249719759574095
POS_SK_DPD_MAX,0.003248035556136753,0.003248035556136753
PREV_PRODUCT_COMBINATION_POS OTHER WITH INTEREST_MEAN,-0.003221306016703613,0.003221306016703613
CC_AMT_CREDIT_LIMIT_ACTUAL_MEAN,-0.0032129674259098345,0.0032129674259098345
ORGANIZATION_TYPE_Mobile,0.003205707391854988,0.003205707391854988
ORGANIZATION_TYPE_Legal Services,0.0032057073918549664,0.0032057073918549664
ORGANIZATION_TYPE_Other,0.0030982442364370726,0.0030982442364370726
PREV_WEEKDAY_APPR_PROCESS_START_FRIDAY_MEAN,0.0030899290747517243,0.0030899290747517243
PREV_NAME_CASH_LOAN_PURPOSE_BUYING A HOME_MEAN,-0.0030871748519006735,0.0030871748519006735
"PREV_NAME_TYPE_SUITE_SPOUSE, PARTNER_MEAN",0.0030791800644089373,0.0030791800644089373
PREV_NAME_GOODS_CATEGORY_WEAPON_MEAN,-0.0030670304522969222,0.0030670304522969222
NAME_TYPE_SUITE_Group of people,-0.0030449390309308963,0.0030449390309308963
PREV_NAME_CASH_LOAN_PURPOSE_EVERYDAY EXPENSES_MEAN,-0.002994731320485496,0.002994731320485496
OCCUPATION_TYPE_Realty agents,0.002949172969442817,0.002949172969442817
ORGANIZATION_TYPE_Military,-0.002930075588009725,0.002930075588009725
BURO_CREDIT_ACTIVE_BAD DEBT_MEAN,0.0028426001369270767,0.0028426001369270767
ORGANIZATION_TYPE_Business Entity Type 2,0.0028411313959447893,0.0028411313959447893
CC_AMT_PAYMENT_CURRENT_MEAN,0.0028191725587583217,0.0028191725587583217
PAYMENT_RATE,0.002818180302145305,0.002818180302145305
BURO_AMT_CREDIT_SUM_LIMIT_MEAN,-0.0028026511255182527,0.0028026511255182527
PREV_NAME_GOODS_CATEGORY_AUDIO/VIDEO_MEAN,-0.0027665049382073845,0.0027665049382073845
NAME_HOUSING_TYPE_Office apartment,-0.0027406998942731105,0.0027406998942731105
PREV_NAME_PORTFOLIO_CARS_MEAN,-0.0027246338995946494,0.0027246338995946494
PREV_NAME_GOODS_CATEGORY_PHOTO / CINEMA EQUIPMENT_MEAN,-0.0027201887827659264,0.0027201887827659264
PREV_NAME_CASH_LOAN_PURPOSE_FURNITURE_MEAN,-0.002706203159913278,0.002706203159913278
ORGANIZATION_TYPE_Religion,0.002681604256712639,0.002681604256712639
FLAG_DOCUMENT_10,-0.0026558616965005055,0.0026558616965005055
BURO_CREDIT_TYPE_REAL ESTATE LOAN_MEAN,-0.0026469505908650296,0.0026469505908650296
CC_AMT_INST_MIN_REGULARITY_SUM,0.002606497435817928,0.002606497435817928
ORGANIZATION_TYPE_Advertising,0.0026044456308076747,0.0026044456308076747
CC_NAME_CONTRACT_STATUS_REFUSED_MEAN,-0.0025849323230395724,0.0025849323230395724
CC_NAME_CONTRACT_STATUS_DEMAND_MEAN,-0.002584932323039559,0.002584932323039559
BURO_BB_STATUS_X_MEAN_MEAN,0.0025124281197319884,0.0025124281197319884
PREV_WEEKDAY_APPR_PROCESS_START_MONDAY_MEAN,0.0024955975320813642,0.0024955975320813642
NAME_HOUSING_TYPE_Co-op apartment,-0.0024228672062288135,0.0024228672062288135
OBS_30_CNT_SOCIAL_CIRCLE,0.00238516446293131,0.00238516446293131
FLAG_DOCUMENT_4,-0.0023000206961753685,0.0023000206961753685
PREV_CHANNEL_TYPE_REGIONAL / LOCAL_MEAN,0.0022628249738594953,0.0022628249738594953
OBS_60_CNT_SOCIAL_CIRCLE,0.0022325621514385227,0.0022325621514385227
PREV_NAME_CASH_LOAN_PURPOSE_BUYING A HOLIDAY HOME / LAND_MEAN,0.0022043433512415928,0.0022043433512415928
PREV_NAME_GOODS_CATEGORY_INSURANCE_MEAN,0.002197461789887913,0.002197461789887913
CC_AMT_PAYMENT_TOTAL_CURRENT_MIN,-0.002196487170654665,0.002196487170654665
ORGANIZATION_TYPE_Industry: type 5,0.002193283456512087,0.002193283456512087
POS_NAME_CONTRACT_STATUS_DEMAND_MEAN,0.0021641142108208763,0.0021641142108208763
HOUSETYPE_MODE_terraced house,0.002153712573787871,0.002153712573787871
ORGANIZATION_TYPE_Business Entity Type 1,0.002121349144599156,0.002121349144599156
BURO_CREDIT_CURRENCY_CURRENCY 1_MEAN,0.002109910470013684,0.002109910470013684
AMT_REQ_CREDIT_BUREAU_WEEK,0.0020363788966112034,0.0020363788966112034
HOUSETYPE_MODE_specific housing,0.0020096882823649022,0.0020096882823649022
OCCUPATION_TYPE_Cleaning staff,0.0020030312980987923,0.0020030312980987923
BURO_CREDIT_CURRENCY_CURRENCY 4_MEAN,-0.00198165192874464,0.00198165192874464
BURO_CREDIT_TYPE_CASH LOAN (NON-EARMARKED)_MEAN,-0.0019693629705489274,0.0019693629705489274
AMT_REQ_CREDIT_BUREAU_HOUR,0.001968769694551554,0.001968769694551554
POS_NAME_CONTRACT_STATUS_APPROVED_MEAN,-0.0019180719580295922,0.0019180719580295922
BURO_CREDIT_COUNT,-0.0018281535786376685,0.0018281535786376685
PREV_NAME_GOODS_CATEGORY_HOMEWARES_MEAN,0.0017370789306869984,0.0017370789306869984
INSTAL_PAYMENT_PERC_VAR,-0.0016491001626263914,0.0016491001626263914
SK_ID_CURR,0.0016387139093523501,0.0016387139093523501
PREV_NAME_TYPE_SUITE_GROUP OF PEOPLE_MEAN,-0.0016096066776109938,0.0016096066776109938
BURO_CREDIT_DAY_OVERDUE_MAX,0.0015630852109057589,0.0015630852109057589
PREV_NAME_CASH_LOAN_PURPOSE_MONEY FOR A THIRD PERSON_MEAN,-0.0015553960126097185,0.0015553960126097185
ORGANIZATION_TYPE_Cleaning,0.0015108258015260035,0.0015108258015260035
PREV_NAME_PAYMENT_TYPE_CASHLESS FROM THE ACCOUNT OF THE EMPLOYER_MEAN,-0.0014952938825861344,0.0014952938825861344
POS_NAME_CONTRACT_STATUS_COMPLETED_MEAN,-0.0014724187778501997,0.0014724187778501997
BURO_CREDIT_TYPE_LOAN FOR THE PURCHASE OF EQUIPMENT_MEAN,-0.0014043336297015002,0.0014043336297015002
BURO_CREDIT_TYPE_LOAN FOR PURCHASE OF SHARES (MARGIN LENDING)_MEAN,-0.0014043336297014815,0.0014043336297014815
OCCUPATION_TYPE_Secretaries,0.0014027618280813567,0.0014027618280813567
BURO_AMT_CREDIT_SUM_LIMIT_SUM,-0.0013825255331980672,0.0013825255331980672
POS_NAME_CONTRACT_STATUS_AMORTIZED DEBT_MEAN,-0.0013747629713044118,0.0013747629713044118
BURO_CNT_CREDIT_PROLONG_SUM,0.0013712760655099432,0.0013712760655099432
WEEKDAY_APPR_PROCESS_START_WEDNESDAY,0.0013687195621937202,0.0013687195621937202
PREV_WEEKDAY_APPR_PROCESS_START_TUESDAY_MEAN,0.0013449343066340655,0.0013449343066340655
BURO_AMT_CREDIT_SUM_DEBT_MAX,-0.0013319551508444295,0.0013319551508444295
CC_SK_DPD_DEF_MAX,0.0013313845822468017,0.0013313845822468017
ORGANIZATION_TYPE_Industry: type 8,-0.0013278910089304168,0.0013278910089304168
NAME_INCOME_TYPE_Maternity leave,-0.0013278910089304147,0.0013278910089304147
ORGANIZATION_TYPE_Housing,-0.0012785024593817262,0.0012785024593817262
BURO_CREDIT_CURRENCY_CURRENCY 2_MEAN,-0.0012733194613140622,0.0012733194613140622
ORGANIZATION_TYPE_Industry: type 10,-0.001214328870433597,0.001214328870433597
BURO_AMT_ANNUITY_MEAN,-0.0011533784734337074,0.0011533784734337074
ORGANIZATION_TYPE_Industry: type 11,-0.0011323431475121165,0.0011323431475121165
REFUSED_AMT_CREDIT_MAX,0.0011279058520242313,0.0011279058520242313
BURO_AMT_CREDIT_MAX_OVERDUE_MEAN,-0.0011177930660471807,0.0011177930660471807
FLAG_DOCUMENT_5,0.0010504449627864588,0.0010504449627864588
FLAG_EMAIL,0.0010282677471396453,0.0010282677471396453
PREV_NAME_CASH_LOAN_PURPOSE_PURCHASE OF ELECTRONIC EQUIPMENT_MEAN,0.0010242743595443727,0.0010242743595443727
CC_NAME_CONTRACT_STATUS_SIGNED_MEAN,-0.001001089847432329,0.001001089847432329
ORGANIZATION_TYPE_Government,-0.0009936715818147002,0.0009936715818147002
ORGANIZATION_TYPE_Trade: type 5,0.0009837969920598454,0.0009837969920598454
INSTAL_AMT_INSTALMENT_MAX,0.0009187889717004417,0.0009187889717004417
PREV_NAME_PORTFOLIO_CASH_MEAN,0.0008599204699901255,0.0008599204699901255
OCCUPATION_TYPE_IT staff,0.0007971394874825032,0.0007971394874825032
WEEKDAY_APPR_PROCESS_START_FRIDAY,-0.0007697002152972856,0.0007697002152972856
PREV_CODE_REJECT_REASON_SYSTEM_MEAN,-0.0007276712163016264,0.0007276712163016264
BURO_AMT_CREDIT_SUM_DEBT_MEAN,-0.0007160445585592213,0.0007160445585592213
PREV_NAME_GOODS_CATEGORY_JEWELRY_MEAN,0.0006545360671078864,0.0006545360671078864
INSTAL_PAYMENT_PERC_MAX,0.0006394855770048987,0.0006394855770048987
ORGANIZATION_TYPE_Industry: type 7,0.0006240055244225794,0.0006240055244225794
PREV_NAME_CASH_LOAN_PURPOSE_BUILDING A HOUSE OR AN ANNEX_MEAN,0.0005754759161778563,0.0005754759161778563
CC_SK_DPD_DEF_VAR,0.0005400685291637137,0.0005400685291637137
"NAME_TYPE_SUITE_Spouse, partner",-0.0005319664534263181,0.0005319664534263181
BURO_AMT_ANNUITY_MAX,-0.0005149016489974282,0.0005149016489974282
PREV_CODE_REJECT_REASON_XNA_MEAN,-0.0004722121065409143,0.0004722121065409143
PREV_FLAG_LAST_APPL_PER_CONTRACT_Y_MEAN,-0.0004705327590016795,0.0004705327590016795
PREV_FLAG_LAST_APPL_PER_CONTRACT_N_MEAN,0.00047053275900145626,0.00047053275900145626
WALLSMATERIAL_MODE_Mixed,-0.000467854782632422,0.000467854782632422
ORGANIZATION_TYPE_Industry: type 9,-0.00040319172090873544,0.00040319172090873544
ORGANIZATION_TYPE_Agriculture,-0.0003932597709963523,0.0003932597709963523
INSTAL_PAYMENT_PERC_MEAN,0.0003381808787996161,0.0003381808787996161
INSTAL_PAYMENT_PERC_SUM,-0.00025193630161253645,0.00025193630161253645
PREV_NAME_TYPE_SUITE_OTHER_B_MEAN,-0.0002159088298436814,0.0002159088298436814
NAME_EDUCATION_TYPE_Incomplete higher,-0.00018685146975247382,0.00018685146975247382
PREV_NAME_CASH_LOAN_PURPOSE_WEDDING / GIFT / HOLIDAY_MEAN,0.0001459757108216483,0.0001459757108216483
ORGANIZATION_TYPE_Electricity,0.00012192098900635585,0.00012192098900635585
INSTAL_AMT_PAYMENT_MAX,-6.55091352213976e-05,6.55091352213976e-05
BURO_CREDIT_DAY_OVERDUE_MEAN,6.120665722329216e-05,6.120665722329216e-05
PREV_NAME_GOODS_CATEGORY_EDUCATION_MEAN,-5.4731055308920084e-05,5.4731055308920084e-05
PREV_NAME_GOODS_CATEGORY_ADDITIONAL SERVICE_MEAN,2.511773461251839e-05,2.511773461251839e-05
